PF05987,7,7,3,4,4,4,4,5,4,3,6,7,4,5,4,2,5,4,5,6,4,2,5,6,3,6,5,3,4,4,5,7,4,7,8,5,5,4,5,2,3,5,2,3,3,8,4,6,3,4,4,5,3,6,7
PF08903,4
PF12570,3,6
PF11678,4,8,4,5,5,4,4,6,7,7,7,3,3,3,6,9,3,3,4,3,4,2,6,4,3,5,3,7,3,6,4,5,4,6,4,4,4,7,4,5,5,5,9,6,6,6,4,5,7,7,6,5,3,4,4,3,2,6,7,3,8,5,5,5,9,6,4,5,3,6,6,-,9,5,6,5,6,5,8,6,4,4,5,6,7,7,6,5,4,2,6,4,5,6,4,2,4,4,7,7,4,7,5,7,4,3,5,2,7,4,5,4,10
PF08648,4,3,4,4,8,5,6,4,6,6,5,3,3,6,7,5,6,3,3,7,4,6,5,3,5,5
PF09400,4,4
PF07795,3,5,7,4,5,5
PF09428,4,7,5,5,7
PF14771,7,3,4,5,6,5,5,9,7,7,6,9,7,9,3,4,4,5,-,2,5,7
PF07894,7,4,3,4,3,7,5,5,4,5,4,6,3,7,8,8,3,5,3,4,5,3,2,6,7
PF12873,6,5,6,4
PF10307,5,3,3,3,7
PF14025,8,5,4,6
PF11928,2,5,3,4,7,7,3,4,5,4,3,7,7,5,4,4
PF10926,4,6,3,6,5,5,3,6,6
PF06465,5,7,3,4,4,4,5,6,4,5,5,6,5,4,8,7,7,9,4,5,4,5
PF09227,5,4,4,4
PF12566,5,3
PF07159,7,3,4,4,4,7,4,4,4,6,4,5,7,5,5,5,2,9,5,6
PF11999,4
PF03713,7,3,5
PF08643,3,7,5,4,8,6,3
PF11595,3,7,5,7,4,4
PF15380,4,4,4
PF12396,2,5
PF07210,2,3,4
PF15727,5
PF13863,5,7,4,7,4,4,4,3
PF08682,5,2
PF07889,3,4,4,7,4,9,8,9
PF04765,3,4,3,7,4,4,7,7,4,4,5,6,3,6,6
PF07326,3,4,4,4,2,4,2
PF15091,3,4
PF03754,3,7
PF03993,2,5,6,7,4,4,5,4,2,7,5,5,3,3,8,6,3,6
PF03087,6,3,3,4,5,5,7
PF12447,6,5,4,3,8,6,3,2,5
PF04063,5,5,5,2,4,8,10
PF11528,5,3,5
PF11880,2
PF07898,5,4,5,3
PF14080,8,7,3,7,6,7,4,5,8,4,5,6,3,5,4,4,4,5,4,5,4,5,7,5,2,9,7,5,5,3,5,7,7,4,8,5,2,3,8,2,5,8,4,7,3,3,4,5,3,2,4,6,5
PF16353,7,7,4,7,4,5,4,5,5,6
PF13811,4,3,5,4,7,7,5,5,4,5,5,3,6,7,4,4,6,6
PF01937,4,3,7,4,7,4,6,6,7,2,4,5,4,7,4,6,2,5,7,5,6,3,5,4,3,7,7,7,7,5,2,8,5,4,9,5,5,4,2,5
PF11001,5,4,3
PF06108,4,3,3,2,6,6,5
PF06439,4,2,3,6,5,4,5,7,6,7,7,7,2,6,5,2,3,3,6,3,5,4,2,3,7
PF05571,3,7,4,4,7,8,5,4,6,7,6,3
PF07853,3,4
PF08409,4,8,4,3,6
PF07946,3,5,7,6,3,4,6,6,4,5,6,7,5,4,6,4,8,6,5,2,3,8,3,6
PF14076,4,3,7,4,7,7,5,5,5,2,6,5,6,4,6,3
PF06155,2,4,3,4,3,8,5,3,6,4,5,3,2,4,2,3,5
PF09951,5,2,7,7
PF13493,4,3,4,4,7,8,4,5,2,3,4,3
PF13687,7
PF06549,5,4,4
PF12345,6,2,4,3,6,5,4,3
PF12505,3,2,4,8,4,3,5,3,5,4,5,3,4,5,6,2,6,3
PF15389,3,7
PF11919,8,4,3,7,6,4,6,5,4,5,7,7,5,5,2,8,6,5,5,7
PF09248,7,4,3,4,4,8,4,5,7,5,4,3,4,5,4,7,7,6,7,4,4,3,4,4,3,4,5
PF11084,5,3,4,4,7,6,7,4,5,3,6,2,2,6,6,8,7,6,5
PF13836,6
PF05695,8,7,5,4,4,4,3,6,7,5,3,6,4,6,5,3,5,3,6,5
PF01956,6,3,4,4,7,4,6,6,8,7,4,5,8,7,4,6,5,4,6,6,5,4,5,2,3,3,3,6,3,3,9,4,7,9,5,5,5,4,3,9,4,9,3,2,4,3,9,7,3,4,4,5,3,5,3,2,5,6,7
PF12029,4,4
PF16009,3,4,6
PF04685,5,3,8,7,5,6,4,7,5,5,4,5,4,8,5,5,2,5,6
PF09345,2,5,4,3,4,5,8,5,4,4,5,2,5,6,2
PF11915,3,7,7,4,3,5,6,7,5,4,3,5,3
PF10030,4
PF06174,8,4,3,7,4,4,6,6,5,7,4,5,6,6,4,8,8,5,4,6,5,3,6,5,8,7,7,5,6,6,6,9,4,7,7,7,6,5,9,8,9,7,8,3,4,5,5,6,3,5,6
PF09369,4,4,7,-,4,4,3,3
PF10991,5
PF08333,4,3,7,5,4,5,6,5,4,2,5,5,2,4
PF11677,5,4,4,2,5,4
PF12394,7,3,4,4,8,5,6,5,7,6,4,5,8,7,5,4,3,6,2,6,4,3,3,7,6,7,7,7,4,7,5,5,8,7,5,4,4,2,6,6,8,4,3,4,3,5,5,2,7,6,4,6
PF04502,3,4,6,7,7,3,4,6,3,7,7,4,3,9,6,3,6,5,5,3
PF06803,3,8,4,3,5,7,5,2,5,9,6,5,4,3,6,5,3
PF09331,5,7,4,7
PF11327,3,7,5,4,8,6,3
PF08982,6
PF15466,5,6,6
PF12473,7,3,4,7,5,5,3,4,9,4,5,5,4,6,7,4,5,6,7,5,5,6,4,5,2,5,6,4,3,6
PF12530,8,5,6
PF12053,3
PF15505,4,5,4,4
PF04601,5,7,4,4,6,5,4,5
PF11935,3,5
PF07798,4,3,7,6,5,3,5,5,7,5,5,6,5,3,3,2,7,6
PF06110,3,8,3,4,5,4,4,5,7,6,6,3,3,6,3,7,7,4,3,7,5,3,5,3,3,5,5,5,2,6
PF11175,3,4,6,5
PF17023,5,4,6,4,6,4,5,6,5
PF08681,5,4,7,5,4,6,5
PF15363,4,6,6
PF12442,6,5,4
PF04780,3,5,7
PF05867,3,3
PF05037,5,3,6,6
PF13559,7,5
PF05078,2,7,3,4,4,4,3,9,7,5,4,6,6,5,7,5
PF14237,2,2,7,5
PF15145,3,4,4,4,6,3
PF07339,5,3,3,6,3,7,3,4,3,6,6,4,4,5,6,5,5,6,9,5
PF04190,3,4,3,4,7,7,5,4,6,6,3
PF10971,5,7
PF11954,7
PF07632,7,3,4,4,4,6,9,5,6,4,4,5,4,7,2,6,4,5,6,5,5,5,7,4,5,2,6,3,4,4,5,2
PF09861,4
PF13026,2,2
PF15838,4,5,5,4
PF08331,5,4,4,8
PF07561,7,5,7
PF12063,5,7,3,4,4,4,4
PF07142,4,7,6,5,5,3,2,5,5,6
PF08338,2,3,5,6,5,4,9,4,3
PF11911,7,4,3,4,6,5,5,6,5,7,5,6,7
PF06679,4,8,5
PF16401,3,8,6,6,3,5
PF15016,3,6
PF04289,3,4,7,4,4,5,8,4,4,6,5,4,4,6,5,3
PF02582,5,5,5,5,3,4,6,4,7,2,5,6,3,3,6,7,6,4,3,3,3,4,6,5,4,5,6
PF04341,8,5,4,5
PF04978,6,5,4,3,8,6,3,2,5
PF15488,4,3,7,5,4,7,4,5,5,7,5,4,4,4,5,6,4,7,3,6,5,2,3,5,6,5,5,8,3,4,4,6,2,5,4,5,6,8,7
PF12158,7,5,6,3,7
PF06972,6,3,5,7,3,5,3
PF14953,6,3,7
PF09997,3
PF08224,3,7,4,7,3,4,3,6,6,6,3
PF15118,4,6
PF12965,5,4,6
PF06544,3,4,3,7,4,7,7,6,4,5,5,5,3,6,5,3,6,4,6,5,5,6,6,2,4,8,5,7,7,5,5,2,3,5,4,6,5,4,4,5,2,8,7
PF10179,5,8,3,4,4,8,4,6,6,5,5,2,4,2,2,4
PF14033,6,8,6,3,6,6,8,3,4,6,3,2,3,5,7,6,3,6,7
PF16403,9,7,3,5,4,2,5,5
PF11019,3,3,7,6,6
PF11309,3,4,4,8,4,5,5,7,5,4,4,2,2,6,3
PF11931,3,4,3,7,3,6,5,5,2,6,5
PF14800,3,5,4,5,6,6,7,6,5,6,4,5,5,4,5,3,7,5,4,5,7,4,5,5,7,4,4,4,4,3,3,3,6,3,5,5,3,2,6,5,6,7,5
PF10180,3,4,6,5,2,6
PF11161,7,2
PF09391,4,7,6,6,7,6,4,6,5,3,9,4,5,3,5,5,2,6,5,7,3,5,3,5,5,6,7,4,6,6,4,5,5,6,7,5,6,5,6,7,4,5,5,5,5,10,6,4,7,2,6,5,3,5,5,6,5,5,3,4,7,7,6,7,5,5,6,5,4,8,4,6,5,5,7,6,6,3,7,4,8,4,5,6,4,7,7,7,4,5,4,4,7,9
PF05957,7,4,7,4,4,4,7,7,6,6,5,4,3,4,4,4,3,5,4,6,4,5,6,6,5,2,6,7,3,3,7,7,4,5,7,4,5,8,3,5,5,6,7,4,5,7,4,3,4,4,4,5,4,5,4,6,2,5,6,5,7,7
PF04784,3,4,8,4,3,2,6,4
PF10302,4,3,4,4,8,4,4,6
PF04474,8,7,5,3,4,4,4,5,5,4,5,4,7,5,2,5,4,3,7,7,2,5,5,5,3,4,3,4,3,7,2,5
PF15774,3,3,5,3,4,3,8,7,8,3,6,6
PF15742,7,4
PF06461,5,7,3,4,4,4,5,6,4,5,6,5,4,8,7,7,9,5,5,4,5,4
PF04285,4
PF09939,8,4,3,8,6,4,5,3,4,5,5,4,3,5,4,2,3,4,7,3,3,6,6,7,5,3,2,5,4,4,4,4,3,6,3
PF12036,5,4,7,5,4,6,5,5,6,5,6,6,4,7,7,7,4,3,4,4,3,3,7
PF15882,5,4,5,3
PF13373,8,6,5,4
PF07386,8,5
PF11697,5
PF11815,4
PF07248,4,5
PF15989,3
PF15248,7,4
PF15072,3,4,3,5,6,5,5,5
PF07005,6,6,3,7,7,4,3,5,5,5
PF10020,3,6,3
PF09327,4
PF09418,3,7,7,5,3,5,5,6,3
PF16118,5,7,5,4
PF13961,4,4,8,6,7,7,6,4,7,6,5,3,5,4,7,5,4,5,3,2,4,3,3,6,6,4,6,4,4,6,6,6,4,5,7,6,5,9,6,7,6,5,6,4,7,6,7,7,6,7,5,6,5,3,10,4,4,3,2,3,3,7,6,8,3,6,6,7,3,8,5,6,4,5,6,6,7,5,5,5,6,4,5,2,4,7,7,4,5,4,6,5,5,5,4,6
PF11288,4,4,3,6,4,5,8
PF16338,5,3,5,7,4,5,6,2,2,5,5
PF14336,5,2,4,5
PF06868,6,5,7,2
PF07082,4,6,4,5,6
PF13388,7,4
PF14780,4,3,6,5,6,6,5,9,5,6,8
PF09994,3,10,7,3,4,4,5,4,4,4,7,3,5,4,6,6,3
PF10631,3,7
PF15143,5
PF03891,5,4,4,8
PF13660,4,4,9,8,4,5,5,4,6,6
PF13575,4
PF15767,3,5,5,5,4,9,6
PF11926,4,4
PF10988,2,5
PF17002,5
PF10629,3,4,3,3,7,2
PF15031,5,7
PF12015,4,6,6
PF16016,6,4,3,7,4,8,4,5,4,5,3,7,5,5,5,5,5,2,3,4,4,4,8,4,7,9,3,6,5,4,2,5,7,5,3,6,5,7,7,4,5,8,6,5,5,3,6,5,6,5,7,4,4,4,8,3,3,5,7,10,4,6,6,4,2,6,6,6
PF06671,7,7,4,5
PF07816,2,3,4,7,7,3,5,3,3,3
PF15047,7
PF12057,3
PF05421,3,2,3
PF04819,8,3,4,7,7,6,3,7,3,5,5,4,6,5,7,6,7,7
PF06159,4,3,7,5,3,5,5,6,6,2,5,5,7,6,7,2,3,4,4,8,2,7
PF06592,6,4,6,6,5,5
PF15379,3
PF13598,7,3,4,4,4,8,6
PF05018,4,5,6,4,6,6,2,5,4,6,5,5,7,4,5,5,3,5,2,4,5,5,7
PF02698,3,4,3,4,4,5,6,3
PF11832,2
PF06230,4,2,3,4,7,6,3,5,2,4,3
PF09543,3
PF15371,5,3,7
PF06974,8,4,8,4,3,4,7,6,7,5,4,5
PF17029,4
PF14846,5
PF17012,4,3,8,4,4,5,3,4,4
PF15788,4,3,2,5
PF05768,5,2
PF06282,4,3,7,4,4,6,5,6,7,7,3,4,5,5,2,3,4,7,4,5,5,7,6,4,3,2,3,5,7,3,5,4,4,5,6
PF12126,3,7
PF04332,3,3,4,4,6,3,5,7,5,4,5,5,5,2,5,2,6,5,6,3
PF10239,7,3,4,4,6,5,2,2,4,6,5
PF15012,4,3,4,8,3,5,5,6,4,6,6,4,5,3,4,6,6,7,6,4,3,3,4,2,6
PF11852,5,4,3
PF09154,2,4
PF06693,2,7,4,4,3,5,6,3,2,6,3
PF12520,6,8,5,4,4,4,4,3,4,7,2,4,4,6,7,2,6,3,8
PF06028,4,5
PF03380,3
PF15397,5,4,6,4,9
PF14937,-,7
PF15139,4,6,6
PF07105,6
PF11039,5,4,7,6,6,9,6,7
PF09435,2,4
PF08508,5,4,6,4,9
PF01958,7,6,4,3,5,5,4,6,3,5,6,5,2,3,2,6,6,7
PF08101,5
PF16087,5,4,3,6,7,3,4,6,4,4,5,5,3,7,6,3
PF03445,8,3,4,4,6,5,5,4,4,6
PF04430,7,5
PF10303,4,5,4,7,3,5,7,8,3
PF13269,6,6,6
PF15479,2,8,4,6,4,4
PF02622,5,3,3,7
PF12548,4,2,5
PF07165,4,4,7,4,5,5,7,3,5
PF08760,3,4,3,5,2,5
PF05811,5,4
PF06219,6,6,4,5,9,4,6
PF09342,3,4,3,3,8,7,8,5,5,7,2,2,5,7,6,5,8
PF12157,3,7,5,5,5,5
PF14026,4,2
PF04473,4,4,7,4,8,3,4,3,3,6,7,3
PF14388,4,7,4,4,7,5,6,7,6,5,5,3
PF08226,3,7,3,4,4,4,7,7,4,5,5,6,5,5,7
PF09848,4,3,4,3,7,6,8,8,5,6,4,2
PF09685,8,5,3,5,3
PF10062,4,5,3,4,7,4,4,7,5,5,6,6,8,6,5,3,6,3
PF14988,8,4,4,5,5,6,3,5,8,3,2,4,8,5,8
PF15041,4,5,4,4
PF15697,5
PF10476,7,3,4,4,5,9
PF11875,3,2,5,4,4,7,8,7,4,4,4,5,5,5,5,6,4
PF15842,4
PF11879,7,4,4,5,5,2,5,7
PF13251,6,4,3,4,4,7,5,7,3
PF14539,2,4
PF06625,2,6
PF06842,2,2,2
PF12066,7,7,3,4,4,7,8,5
PF09950,4,4
PF12014,3,5,6
PF06532,7,3,4,4,4,6,4,7,4,3,7,5,3,6,4,6,5,5,5,5,6,6,6,4,2,7,3,3,5,7,5,6,6,5,3,2,6,7,3,3,7,7,5,3,2,5,6,4,6,5
PF13228,6
PF11209,8,6,6
PF14328,5,2,7,7
PF06884,6,3,4,5,7,5,3,5,5,5,6
PF06121,2,3,3,4,3,5,6,5,2,6
PF10106,5
PF06746,7,3,4,4,4,5
PF15074,6,6
PF11291,4
PF12045,5
PF11934,7,6,5,5,2
PF12274,4,3,4,6,4,6,5,7,5,5,5,4
PF04340,3,3
PF10382,5,4,4,8
PF16040,3,4,4,3,6,4,7,7,4,3,5,6,3,6,7,3,2,5,2,6,3
PF15468,3,3,7,6,6
PF15829,4
PF10101,2
PF16062,3,6,7,6,3
PF06074,5
PF12419,7,3,4,7
PF15094,3,4,4
PF15030,3
PF10927,6,5,4,3,4,10,6,5
PF10964,3
PF07892,3,7,4,5,5,9,2,6,3,7,5,9,4,5,9,3,5,6,3,4,4,4,5,3,2,6
PF13334,3,5,5,4,5,5,3,2,6,6,4,3
PF13244,-,3,4
PF11883,3,5,7,4,4,4,6
PF05585,7,4,3,4,6,4,5,4,7,4,6,5,2,7,7,4,6,6,6,7,4,4,5,5,5,5,7,4,3,6,6,5,3,4,7,7,4,4,5,5,2,7,2,7,8,2,3,3,3,5,4,5,5,4,2,5,5,6,5,7,6,5
PF14221,4,3,8,8,4,5,7,4,5,3,5,3,4,5,4,5,4,5,6,6,5,4,5,2,3,5,5,3,4,6,5,3,3,8,6,4,5,6,5,9,2,7,3,3,7,7,4,3,5,8,7,3,8,5,3,7,10,4,5,3,2,5,6,3,5,5,6,4
PF06342,4,3,8,9,5,5,6,7,5
PF12592,8,4,5,8,5,6,6
PF15552,5,3,5,6
PF12141,9,3,7
PF15787,4,3,7,4,7,7,5,4,8,5,6,5,4,7,5,4,7,5,5,2,3,6,6,4,7,4,9,5,5,5,3,6,2,5,2,3,3,4,5,3,4,2,7
PF08427,7,4,7,4,5,5,7,5,5,6
PF11579,4
PF11943,4,6,3,6,3
PF15049,6,6,6,6
PF11752,2,3,4,4,2,3
PF08922,4,6
PF10228,7,3,4,8,4,6,6,6,3,4,3,5,5,7,7,7,4,6,5,5,5,4,7,3,4,8,6,5,4,2,5,5
PF10155,4,3,4,7,3
PF06067,4,3,4,7,5,5,2,3,4,5
PF09175,4,4,3,4,5,3,5,2,5,3,5,7
PF11816,3,7
PF16008,7,4
PF04862,3,3,6,4
PF05444,7,6,4,4
PF15496,6,3,6
PF10354,4,3,5,6,4,5,4,6,6,6,2,4,5,8,5,5,6,4,7,6,6,4,3,3,8,4,4,5,4,5,6
PF04037,7,4,4,4,7,7,4,3,5,7,3,5,4,2,6,2,5,3
PF11371,6,8
PF11317,5,3
PF10693,2,4,6,5
PF12359,3,7,5,4,7,9,6,5,5,5,5,5,6,4
PF17016,3,4
PF11842,2,4
PF11980,7,3,4,4,5,4,4,7,7,3,6,7,3,4,5,5,3,2,4,6,4,8,5,4,7,4,9,5,6,7,4,3,5,7,5,6,3,-,8,5,8,7,5,5,6,5,2,5,7,6,2,8,3,8,3,3,5,6,8,4,5,5,6,5,2,4,6,4,5,7,5,7
PF10287,4,5,3,6
PF06449,3
PF12425,4,2,5
PF14747,5,2,5
PF16029,5,6,3,6,4
PF15878,2
PF15775,6,5,6,4
PF15876,2,6,5
PF05335,3,7,5,5,5,7,4,4,2,2,6,3
PF04398,3,4,3,7,7,4,6,5,4,5
PF04064,3,5,5,5,2,4,8,10
PF11172,2,4
PF16064,7,4,3,7,4,6,7,4,6,4,4,5,5,4,5,5,2,6,7,5,3,4,8,7,7,4,5,5,2,4,10,5,3,4,5,5,4,5,5,4,6
PF15852,5,2
PF06136,3,2,4,3,4,4,9,3,5,4,6,5,5,4,3,4
PF13198,7,3,4,6,7,3,7,6,4,7,5,4,6,5,6,7,6,4,5,7,3,3,4,7,4,5,5,8,5,9,4,3,3,6,4,5,2,6
PF11771,4,5,2
PF12004,4,4,3,6
PF14868,5,8,3,4,4,8,4,6,6,5,5,2,4,2,2,4
PF03564,4,4,4,5,7,6,2,5,9,5
PF05664,4,3,5,5,6,5,6,7,6,4,2,5,3,3,6,7,6,6,5,5,4,3,6,6,3,3,2,6,6,7
PF06672,4
PF15893,6
PF14082,5,5
PF13254,7,7,3,4,4,3,3
PF07602,4,3,7,4,4,5,6,5,7,6,2,3,5,6
PF15747,5,7,5,4
PF12576,5,8,3,4,4,8,4,6,6,5,5,2,4,2,2,4
PF11965,3,6
PF15578,4,7
PF11912,6,5,7
PF13783,8,4,3,6,3,7,6,3,5,4,6,5,4,5,3,4,8,8,6,7,3,6,6,6,4,7,7,7,7,6,5,5,8,3,3,4,7,6,3
PF13340,3
PF13567,8,8,5,4,4
PF06242,7,3,4,6,5,4,4,5,3,5,4,9,6,4,3,3,7,5,4,5,7,6,4,3,4,4,4,5,2,5,6,5
PF14334,5
PF06708,3,4,5,8,6,6,2,6
PF08894,4,2,3,5
PF08848,4,4,4,6,5
PF06381,7
PF05988,5,3,5
PF11666,5,4,5,4,8,3,6,7,5,4,4,5,6,7,3,9,5,5,5,3,3,8,7,6,5,6,4,2,5,9,4,3,3,4,9,4,5,6,7,4,4,4,4,6,5,6,6,6,4,6,6,5,6,9,6,9,7,3,6,5,7,5,5,6,7,9,7,6,7,5,5,3,5,4,4,4,3,2,5,7,3,7,6,6,6,4,3,3,7,6,5,5,6,6,2,7,6,8,3,6,4,5,4,8,7,6,3,7,4,5,4,5,2,7,4,5,4,5,6,9,4,7,5,8,6,5,5,3,2,5,9,7,4,5,5,4,5,5
PF15232,3
PF15770,4
PF05979,7,2,3
PF06250,5,5,6
PF10313,3,3,4,6,6,4,5,6,6,3
PF13321,4,7,3,4,7,5,4,5,4,7,3,3,4,5,2,3,5,3,3,3,7,7,5,5,5,5,6,2,5,3,4,7,3,8,4,5,2,5,8,7
PF14066,4,5,7
PF02656,3,5,4,3,5,3,4,7,7,5,6,5,5,4,4,5,2,7,2,6,3
PF12868,4
PF13020,3,4,4,9,8,5,6,4
PF09988,4,5,7,4,5,6,4,7,4,4,8,8,5,6,7,3
PF04526,3,8,4,3,7,6,4,4,5,7,4,8,3,5,6,4,3,5,5,4,5,9,3,6,2,5,6,6,7,3,5,7,6,6,4,7,7,5,7,5,7,6,5,2,4,3,2,4,6,8,2,3,4,3,7,4,5,3,5,2,8,3,3,5,6,8
PF09983,2,5,5,4,5
PF05917,3,4,5,7,8,5,6,4,8,7,7,7
PF09967,5,5,6
PF14248,4,2,5
PF12883,4,7,4,5,8,6,6,4
PF09183,5
PF16032,6,5,2
PF16220,4,3,7,3,5,7
PF15735,5,5,2,5
PF04574,4,5,4,4,5,8,4,6,5,5,3,3,3,5,4,4,3,2,8,3,3,5,7,6,7,5,4,5,9,6,6,7,6,4,7,5,7,6,3,6,4,4,7,4,4,4,3,6,5,3,7,3,6,3,3,6,5,5,5,5,6,6,6,5,5,3,8,8,4,6,5,7,6,5,7,3,8,4,5,4,5,2,4,3,4,8,4,7,4,6,5,9,4,5
PF01882,5,5,4,4,4
PF13475,2
PF04239,4
PF04764,3,3
PF08747,4,3,5,5,4,4,5,6,6,3,3,6,8,5,5,7,6,6,4,6,4,5,6,5,5,3,6,6,6,2,5,6,5,5,3,4,7,4,3,8,7,7,4,5,5,5,3,6,5,4,2,8,3,3,3,6,5,3,5,5,2,5,7
PF14330,2,3,7,7,3,7,5,6,6,5,2,3,6,4,2,7,4,6
PF09004,7,3,4,7,6,8,4,6,5,5,5,6,3,4,5,4,7,4,3,4,6,3,7,7,4,7,5,5,5,3,7,6,4,5,3,6,3,5,3,4,5,2,3,6
PF08014,8,6,8
PF10692,4,4,5,6,5,7,6,6,4,7,4,3,9,7,4,3,4,4,3,3,4,2,5,5,4,3,3,4,5,6,4,4,6,8,5,6,8,5,7,7,5,5,4,4,3,2,6,3,3,6,6,4,3,3,6,6,8,6,6,5,6,5,6,8,7,7,7,7,5,7,4,5,4,5,2,4,5,4,6,5,4,7,5,4,6,4,4,9
PF11947,5,6,5
PF13821,7,5,3,4,5,6,4,3,6,7,5,5,3,2,3,5,5,7
PF04788,3,4,3,7,4,4,7,7,4,4,5,6,3,6,6
PF11827,6,6,6
PF11081,3,6,6
PF09902,3,8,3,5,5,6,4,6,3,5,3,6,5,6
PF15081,5,3,2,4,4
PF13195,4,3,7,4,2,3,3,4,4,4,6,5,8,7,7,3,5,2,3,3,3,5,4,2,3
PF17019,7
PF12540,4,5,7
PF13875,5,5,7,6,5,5,3,5
PF06292,5,3,7,4,6,3,7,5,4,5,4,3,2,5,5,5,3
PF05661,4
PF09350,7,3,7,4,6,3,4,4,3,4,2,4,3,3,6,6,7,5,5,8,8,3,7,3,6
PF10048,4,3,8,7,7,4,7,5,3,5,5,4,5,6,4,5,3,-,6,7,7,5,5,4,5,4,2,6
PF06760,7,4,4
PF14926,3
PF11230,2,4
PF07439,3,5,6,3,7,3,6,7,7,4,5,2,5,4,7
PF08020,6,7,4,3,4,5,4,5,5,5,3,6,4,7,5,4,2,3,4,7,7,7,6,5,2,5,4,3,4,5,3,4,2,6
PF15576,3
PF04367,3,7
PF14616,3,4,5
PF10749,4,4
PF12428,4,3,4,5,4,7,3,4,4,7,5,4,4
PF05623,6,2,2
PF16043,4
PF06210,8,6
PF07800,3,5,7,6,3,4,6,6,4,5,6,7,5,4,6,4,8,6,5,2,3,8,3,6
PF06075,4,7,6,6,5,6,6,4,7,4,5,5,6,6,5,6,2,3,4,5,6,6,3,2,8,4,5,6
PF11347,4,7
PF06513,3
PF10021,5,4,3,6,3
PF13211,7,7,6,4,6,5
PF02995,4,3,8,4,5,3,6,4,6,5,2,6,3,6,5,6
PF06631,7,3,4,6,5
PF12392,3,4,6
PF11325,5,5,3,4,4,5,4,6
PF03988,3,5,3
PF16335,3,4,3,5,2,5
PF08768,5,4,3,4,4,7,7,8,6,5,6,7,3,4,4,5,4,4,5,6,4,6,4,6,5,4,5,9,5,6,7,4,2,5,7,6,3,5,3,3,3,5,6,7,4,7,5,5,8,2,4,3,10,4,5,4,6,9,4,2,3,3,3,7,3,6,4,3,4,4,5,4,2,3,8,5,4,6,5,4
PF11204,2,4,2
PF14467,8,4,6,6
PF13259,5,6
PF12461,4,7,3,4,3,3,3,5,4,2,2,3,6,5,2
PF12012,3
PF14688,4,7,8,9,6,6,5,2,7,6
PF14085,4,4,3,5,8,6,4,6,5,5,4,5,3,-,4,5,3,3,2,5,6,3,4,5,4,2,5
PF11338,6,5,6,5
PF09949,2,4,2,5
PF15027,10,5,7
PF15252,5,6,2,3
PF16265,4
PF08811,4,6,7,4,5,6
PF15104,5,2,5
PF14990,7
PF08019,4,2,5
PF11960,4,3,4,4,4,3,7,5,5,3,7,7
PF11690,6,4,5,3,4
PF12311,3,3,3
PF12037,5,7,4,4,4,4,5,5,3,6,5,6,2,2,7,3,3,5,4
PF14970,6,5
PF09351,4,7,4,3
PF09995,4,3,7,5,3,5,5,6,6,2,5,5,7,6,7,2,3,4,4,8,2,7
PF04483,3,4,4,7,4,9,8,9
PF10338,3,4,5,4,6,9,6,4,5,8,6,8
PF17042,6,6,3,7,7,4,3,5,5,5
PF12056,4,7,4,4,4,5,3
PF14610,4,4
PF12084,2,5,3,4,6,8,5,5,5,3,7,2,2,6,8,5,3
PF09324,4,3,7,4,8,7,4,6,5,6,7,3,5,6,5,4,6,5,5,3,5,6,9,5,5,5,7,4,7,5,5,5,6,2,6,5,5,4,6,3,3,5,7,5,5,2,5
PF15008,8,6,5,2,5,6,5,6,4
PF06551,4,3,6,5,3,5,5,4,6,7,4,5,5,4,5,2,5,6,5,4
PF15076,5,3
PF12417,7,3,4,4,6,7,3,4,6,6,7,7,7,7,4,5,5,3,6,5,4,2,6,5,8
PF11927,2,5,3,4,7,5,4,4,3
PF14124,6,6,7,4,6
PF14377,8,4,6,6
PF06163,3,5,3,6,9,7
PF06493,3,3,5,3,4,3,8,7,8,3,6,6
PF07773,4,3,-,4,6,5,6,6,5,5,6,4,3,4,4,4,6,9,3,3,3,5,8,5,4,4,4,2,5,6
PF04852,7,5,4
PF13127,8,4,3,6,5,6,4,5,4,3,2,6,3,4,2,3,3,4,5,4,5,3,6,7,4,5,2,9,5,7,6,3,7,3,6,6,6,7,7,5,5,7,5,6,6,5,2,3,7,6,6,8,4,8,3,3,5,3,3,4,5,4,2,3,6,4,5,6,3,7
PF15147,3
PF10445,5,5,8,3
PF05907,4,7,4,4,6,5,5,5,5,5,3,5,4,6,5,4,6,7,3,3,6,3,4,5,2,3,5,3,6,6,7,6,7,4,4,4,3,6,5,7,6,5,5,5,6,6,5,6,6,7,5,4,5,7,3,3,10,4,8,4,3,2,6,4,5,5,3,7,5,8,6,6,8,7,5,6,3,5,9,5,3,6,-,6,6,5,6,5,6,8,3,8,6,7,6,5,6,7,4,7,7,7,6,6,6,5,4,3,4,5,2,8,5,4,7,5,9,4,7,5,7,6,3,2,5,5,9,3,5,3,4,5,5,9,10
PF11938,3,7,4,6,5,7,7,5,6,5,7,6,2,6,5,5,6,2,4,3,3,6,5,3,2,6,5
PF14340,5,4,4,6,5,6,5,7,6,4
PF13281,7,7,3,4,4
PF14106,3,4
PF15765,4
PF15999,8,6,8
PF09741,7,3,4,5,4,5,3,4,4,6,5,4,2,6,3,4,5,6,5,5,6,3,8,3,4,5,2,6,6,7
PF09863,4,4,7,5,3,4,4,3,5,7,3
PF07000,4,3,5,4,7,4,3,6,4,5,5,4,5,6,4,6,4,3,6,7,7,7,7,5,4,3,4,3,4,5,2,6
PF11864,7,4,3,3,5,4,5,5,7
PF07610,4,6,6
PF10694,4,3,5,4
PF15916,7,4,4,3,5,3,6,3
PF11141,6,4,2
PF10504,5,2,5
PF05300,2,6,5,2,4
PF04759,5,4,3
PF12600,6,5,5
PF07377,7,3,3,5,8,6,7
PF07039,7,5,4,4,4
PF11899,5,4,3
PF15961,3,2,5,3,4,5,3,4,5,3,3,5,5,4,5,4,5,4,4,6,9
PF08900,4,3,7,6,5,4,6,4,5,5,6,4,3,5,6,5,5,3,3,2,5,3,8,4,4,7,3,7
PF06764,2,5,5,4,5
PF17148,4,6,6
PF05663,2,7,4,3,4,4,3,7,4,5,7,8,4,4,7,5
PF07759,5,4,3,5,5,5,7,3,5,7,6,7,3,7,4,5,5,2,2,6,5,3,4,5,3,3,6,4,5,-,4,2,8,5,7
PF08349,4,4,3
PF06237,3,4,4,4,4,4,2,5,6,2
PF12030,5,7
PF08351,3,4,6,4,7,3,4,7,5,3,5,4,5,2,7,6,4,5,2,7
PF11336,4
PF12412,5,7
PF15733,6,6,3,7,5,6,8,3,5,4,7,3,4,2,6,7,2,5
PF12007,4
PF04412,7
PF11460,4
PF15881,3,3,3,4,4,3,6,4,4,7,5,3,3,7,6,7,5,5,6,6,5
PF12040,4
PF03057,7
PF10222,3,2,5,4,4,7,8,7,4,4,4,5,5,5,5,6,4
PF10630,3,2
PF14964,5
PF07933,3,4,3,4,7,3,6,5,3
PF14858,4,5,3
PF06918,4,3
PF10077,3,2,4,6,6,3
PF10231,7,4,5,5,8,5,7,5
PF14687,4,7,8,5,9,6,9,6,5,2,7,6
PF14958,4,3,4,4,7,7
PF06711,4,7,5,5,4,5
PF06252,5,4,8,5,8,2,5,8,3
PF07199,3,3,5,3,4,3,8,7,8,3,6,6
PF06663,5,4,3,5,4,2,5
PF12302,7
PF14022,4,4
PF15485,5
PF16039,10,5,5
PF16056,7,3,4,6,5
PF15251,4,2,3,3,4,4,8,4,8,7,4,6,5,4,4,9,6
PF16332,7,3,7,6,5,5,6,5,3
PF11979,5
PF15377,3,6,3,6,3
PF12401,8,4,3,4,7,3,5,6,3,4,5,5,5,6,5,4,9,2,6,3,7,7,9,2,3,5,3,4,5,4,2,5,5
PF10755,4,7
PF17015,5,5,3,4,4,5,4,6
PF12010,-,4,3,7,4,5,3,4,4,5,4,2,3
PF06417,8,4,4,7,5,3,6,5,5,7,5,4,2,7,3,2,5,5,3
PF09831,5,4,3,7,4,7,5,5,5,5,4,5,6,6,6,4,3,6,5,5,6,6,5,2,7,5,4,7,7,4,4,5,4,5,10,2,3,2,3,4,3,8,3,4,4,5,4,5,5,4,2,3,6,8,8
PF14908,5,7,3,4,3,6,2,5
PF11870,2,4,3,2,3,3,4,3
PF12128,7,3,4,4,-,5,4,4,3,7,5,6,5,7,7
PF15483,6
PF07950,8,5,6,8,2,6
PF10348,4,7,5,7,4,5,5,4,5,4,6
PF08926,7,7,3,4,4
PF04481,8,8,6,3,6,5,5,5,3,5,6,7
PF10721,2,4,3,4,6,5,8,3,8,5,3,5,4,7,5,3,2,6,7,7
PF09086,8,6
PF14831,7,2,5,6
PF14348,3,4,4,4,6,4,6,5,5,4,2,3
PF09365,4,2,5
PF11282,5
PF09348,4,10,4
PF11820,3,6,3,6,3
PF11837,5,3,7,4,4,3,4,3,5,7,6,4,6,6,7,5,3,2,7,7,6
PF11385,5
PF15992,6,4
PF06897,4,6,6,6,4
PF06080,2,3,3,5,5,2,5,5
PF14023,7,3,7,5,5,3
PF10295,6,4,5,2,5
PF13664,3,4,7,-,4,4,5,4
PF01863,5,4,3
PF07364,4,8,4,4,2,4,3
PF07955,5,2,5
PF10974,3,4,6
PF01940,3,8,4,3,8,5,7,6,8,8,2,3,2,6,5,7,3
PF11742,6,4,4,5
PF03860,7,3,5,4,4,7,4,3,3,5,4,4,4,5,6,8,6,5,9,5,7
PF10154,4,3,7,4,5,4,5,4,8,6,5,4,5,5,4,5,7,6,5,3,5,5
PF11851,7,4,3,7,5,5,5,4,2,5,7,7
PF12609,4,3
PF08002,6,5,6,4
PF10290,4,3,4,8,5,6
PF09867,4
PF16334,3,4,3,5,2,5
PF02713,2,7,4,4,4,3,7,4,4,5,5,5,7,4,8
PF09752,7,7,3,4,4,4,9,8,9,7,5,6,3,4,3,6
PF11162,8,5,4,6
PF15378,6,5,7
PF12372,6,3,6,4
PF12398,3,5,7,4,4,4,4,6,4
PF06041,4,8,4,4,4
PF11341,7,5,7,4,4
PF16871,4,3,5,7,4,4
PF10092,3,3,5,8,5,3,3,3,7,5
PF11255,5,6
PF16012,3,4,4,4,6,6,4,5,4
PF14478,3,2,4,3,7,5,6,5,3,4,4,4,5,6
PF15866,4,4,8,7,7,6,3,5,3
PF11873,7
PF09747,4,7,4,4,4,7,5,6,4,5,5,4,2,5,6,3,-,6,4,3,2,5,5,2,5,3,3,2,4
PF12597,5,5,4,10,4
PF11020,5,3,4
PF12416,2,5,3,9
PF11145,6,3,3,4,5,5,7
PF12825,2,4,5,3,5,3,2,5
PF12130,8,3,7,6,6,2,9,6,3
PF06448,4,7,4,5,4,5,4,7,3,4,5,3,5,7,5,5,5,6,5,3,4,3,4,5,2,5,7
PF09745,4,8,3,6,6,5,4,4,6,4,4,5,6,6,5,8,5,2,3,8,3,3
PF12432,3
PF09767,7,3,4,4,5,4,8,6,5,5,4,4,5,5,8,6,5,3,6,7,5,2,6,4,3,7,7,3,5,4,2,5,5
PF05915,3,5,8,4,5,7,4,2,4,6,6,4,2,5,3,5,5,6,4,5,7,2,3,4,5,3,6,7
PF04273,3,3,4,3,3,5,4,4,5,5,5,4,3,5,6,7,3
PF07075,4
PF10042,4,3,7,4,8,6,4,7,5,9,8,3,3,2,4,5,5,5,7,6,4,2,7,3,3,5,4,4,4,7,3,6,5,5,5,2,3,5,3,8,8,3,6,5,2,4,3,5,6
PF17010,5,6,2,6,4
PF06025,8,6,3,6,3,4,3,4,6,6,5,5,5,7
PF09537,5,5,8,3
PF08490,7,5,4,8,4,4,8,7,6,4,5,6,4,3,5,5,2,5,8,4
PF06454,4,3,7,4,5,8,5,5,9,6,7,7,5,4,7,3,3,4,7,3,6,7,4,7,5,8,3,8,6,5,7,4,9,5,5,4,7,3,8,4,5,7,7,4,4,4,6,6,4,7
PF02677,5,2,6
PF05265,5,4,6
PF07713,3,5,2,7,4,3,5,4,6,4,5,8,6,6,6,3
PF12098,6
PF11321,3,4,6,3
PF10976,5
PF06749,3,4,6,5,6,5,4,2,5,5,5,2,4,6,3
PF04224,5,2,5,3,4,3,5,3,7,4
PF11818,3,6,5
PF09118,4,7,3,7,5,4,4,5,4,5,6,4,5,3,6
PF11901,7,4,3,5,7,3,4,6,3,4,5,6,7,6,5,5,6,2,3,5,7,4,3,5,4,2,6,5,7
PF04235,2,3,7,6,5,4,4,4,4,5,6,2,5,4,5,5
PF16155,7,3,4,3,5,3,6,4
PF11865,8,4,3,5,6,8,8,7,4,9,5,5,8,8,5,3,5,6,4,6,6,6,5,5,5,5,3,2,4,5,7,6,5,3,5,4,6,7,4,5,2,4,3,5,3,3,5,5,2,7,5,4,5,5
PF11696,8,5
PF05553,3,3,6,4,4,3,7,4,7,4,4,5,5,3,7,5,5,7
PF16061,7,3,4,5,7,4,4,4,3,5,6,5,5,5,5,4,6,4,3,6,7,7,7,4,5,3,4,3,6,7
PF12488,5,4,4,4
PF08520,5,4,4,8,5,7
PF07911,3,4,3,4,6,4,4,6,6,4,5,4,7,5,6,4,5
PF15443,7,5
PF11730,4,3,5,3,6,4,6,7,3,4,5,7,7
PF06993,5,4,4,6,6,5,5
PF12603,6,6,6
PF10067,4,5
PF12552,5,4,4,8
PF16059,6,3,5,7,3,5,3
PF10087,4,6,3,4,4,6
PF11251,5
PF06582,7,3,4,4
PF13952,2,3,6,5,4,6,6,5,5
PF11841,7,3,4,6,4,4,3,3,5,6,2,3,4,4,7,5,9,4,9,4,6,5,8,3,3,4,4,2,5,6,5
PF14956,2
PF15950,2,3,5,8,8,3,3,6,3
PF04782,5,4,3
PF14534,6,5,7,4,5
PF04510,3,2,3,2
PF15797,6,2,7,3,4,4,7,3,4,7,4,4,7
PF07080,4,7,7,4,5,5,5,6
PF04338,4,6,7
PF12903,3,7,6,5,4
PF03479,3,8,5,6,6,7,4,4,6,3,9,5,7,7,4,3,2,5,3,4,3,10,4,3,7
PF10105,2,4
PF15372,4,3,3
PF09366,3,7
PF09856,3,4,6
PF11303,6,7,3,5,6,6,8,6
PF04859,3,4,6,3,4,3
PF04222,5
PF17011,7,3,4,5,7,4,5,4,8,4,2,2,3,4,6,7,6,5,2,5,6,4,3,5
PF16051,3,3,8,5,3,6
PF15393,4,4,5
PF15167,3,7
PF05910,3,4,6,5,6,5,4,2,5,5,5,2,4,6,3
PF03384,7,6,4,4,4
PF06485,6,3,6
PF12620,4,3,3
PF09186,3
PF17168,3,4,3,5,2,5
PF10293,5,5,3,6,6
PF10761,4,3,7,4,6,7,4,6,6,8,5,3,6,7,7,5,3,6,4,9,3,8,5,9,4,4,6,6,6,3,3,4,7,4,7,5,6,5,5,5,5,7,5,4,8,3,3,5,4,5,2,3,6,7
PF12239,3,4,4
PF16063,3
PF01934,5
PF11116,6
PF15093,3,4,6,3
PF11503,3,7,7,3,5,4,5,6,5,5,8,5,5,4,4,9,5,6,6,4,6,5,3,5,6,7,4,7,6,5,7,4,4,3,6,3,3,5,3,2,4,6,7
PF09969,5,3
PF11138,8,6,4
PF09322,4,6,6
PF11738,8,5,4,6
PF09122,4,4,4,6,5
PF10217,5,4,7,4,7,8,10,4,6,5,4,5,7,3,3,6,5,4
PF09362,4,5,3,4,7,4,4,7,5,5,6,6,8,6,5,3,6,3
PF02681,3,9
PF10867,6,4,3,7,5,4,9,6,2,6,4,7,4,7,6,5,8,2,3,3,4,3,2,6
PF15223,7,3,4,4,7,8,6,4,6,2,6,9,4
PF14971,3,5,2,7
PF10912,3,4,3,7
PF03140,4,5,7,6,3,4,4,3,4,4,5,5,4,7,4,4,2,5,4,2
PF11027,4
PF06718,3,5,4,5
PF15022,5
PF07671,7
PF12541,3,6,3
PF09320,6,5,4,7,5,4,2,7
PF08354,4,5,6,6,6,5,6,5,7,6,6,2,3,4,3,7,7,5,7,4,4,2,3,2,4,3,4,4,4,5,4,2,6
PF12585,3
PF13387,5,4,4,6,4,7,8,5,6,4,2,6,4,3
PF08590,3,7,8,5,5,6,7,6,9
PF06565,4,3,6,4,8,6,5,7,5,4,4,6,5,3,6,4,9,4,7,6,5,6,4,2,5,7,6,3,3,9,3,7,6,5,8,5,9,6,4,3,3,9,7,3,3,7,3,5,2,4,4,5,6,6,6,4,7
PF12223,3,5,5,2,2,6,5,3
PF12049,4
PF05670,3,3,4,4,4,4,5,5,4,3,7
PF10360,4,3,8,4,5,5,4,5,4,5,9,5,4,6,3,3,7,5,6,6,7,4,3,6,2,6,6,6
PF05904,7,5,4,4,4,7,7,4,3,5,2,5,5
PF16060,4
PF09260,2,4,4,3,5
PF07466,5,4,4,4,5,10,6,6,2
PF04459,8,5,4,6
PF12572,6,5,4,7,5,4,2,7
PF09353,7,4,4
PF14273,6,4,3,2,3,4,7
PF10209,6
PF08983,5,4,6,4,3,5
PF10856,4,3,2,5
PF10350,3,3,3,4,4,5,4,5,4,4,3,8,4,6,7,5,6,4,5,2,3,6,4,2,6,6,7
PF08984,4,3,5,5,5,3,2,2,6,7
PF05832,4,6,6,5,4,5,7,10,5,4,5,2,3,5
PF11808,3,7
PF11807,4,3,7,4,6,6,6,3,4,5,6,5,3,7,6,4,2,4,3,3,7,6,7,7,4,4,5,7,4,6,6,3,2,3,5,3,4,6,5,3,6
PF11917,7,3,4,4,5,7,8,5,5,7,6,2,8,6,6,5,8,6,4
PF05055,4,7,4,6,5,5
PF08611,4,6,5
PF10300,7,3,4,4,5,4,7,4,5,4,6,5,2,6,3,7,4,4,4,9,8,6,8,3,8,4,2,4,6
PF13898,3,5,10,6
PF16141,4,3,4,6,4,5,6,7,3,4,5,4,6,3,5,3,6,4,5,5,2,2,4,3,5,5,2,4,7
PF13689,6,-,5,3
PF06676,4,4
PF10828,4,2,6
PF13910,5,3,4
PF07139,4
PF12955,6,8
PF09314,3,4,6,3
PF10088,4,4,7,4,8,6,5,3,8,5,7,6,4,4,4,5,6,6,5,3,3,5,8,3,9,6,4,5,5,3,3,4,6,2,5,3,5,3,4,5,3,6,7,7,5,4,4,4,4,3,6,9,6,4,5,7,6,7,6,5,6,6,10,9,6,6,7,5,6,6,7,5,6,5,7,6,7,6,5,6,3,5,4,4,6,5,3,4,4,4,6,3,3,2,7,6,5,5,3,7,-,8,9,6,2,8,5,5,3,4,5,4,6,7,5,5,3,3,5,5,2,5,5,8,3,7,8,7,7,4,5,4,6,5,7,8,7,5,6,6,10,6,6,5,5,6,5,7,5,3,7,6,8,6,4,5,3,6,4,5,2,8,6,4,4,7,8,6,5,5,4,7,5,7,6,4,3,5,2,5,9,4,6,5,4,8
PF15897,3,4,4,6,4,6,5,5,4,2
PF11746,7,3,3,4,9,4,4,3,5,5,4,5,8,8,6,5
PF11693,5,3,4
PF11921,3,7,7,3,4,6
PF08925,3,6,7,6,3
PF05344,4,7,4,8,4,2,6,4,6,5,7,5,3,3,4,5,4,2,4,3,3,4,5,5,5,3,5,6,5,4,5,4,6,5,5,5,6,6,5,8,6,7,3,5,6,6,6,6,7,4,5,7,3,3,8,5,3,4,3,3,2,7,6,5,4,3,7,7,8,6,8,3,5,5,3,3,4,6,7,5,5,5,3,5,-,5,6,5,2,7,8,6,7,4,5,7,7,7,6,7,7,6,3,5,4,5,4,2,3,6,5,6,7,4,5,9,3,5,7,7,5,5,4
PF09430,4,7,3,4,4,5,9,6,5,6,4,7,7,4,6,5,7,8,4,8,4,4,3,7,10,2,8
PF14737,3,3,7,10,7,5,3,2,5
PF11946,3,4
PF12024,7,3,4,4,7,5,4,6,4,5,5,5,6,7,6,5,9,6,7,7,9,9,5,9,6,5,3,4,5,7
PF13643,8,4,4,6,2,7
PF15551,4,5
PF04781,8,3,7,3,5,5,5
PF07101,3,2,7,6,4,4,3,6,5,4,4,5,7,6,8,3
PF14906,10,5,7
PF14372,4,5,6
PF11267,5,4,6,4,9
PF11878,4,3,7,4,4,5,5,3,2,4,5,6,6,8,5,5,9,5,3,2,2,5,5,4,6,4,2
PF14487,2,3,4,4,2,3
PF14056,4,4,3,6,4,5,8
PF10474,6,5,3,4,4,3,6,8,6,5,5,3,5,7,2,4,4
PF10184,4,3,7,4,4,3,5,9,7,5,3,2,6,5,5,7,6
PF08822,3,4,5,3,4,8,7,8,4,5,4,8,8,5,5,2,4,10,3,5,6,5,7,4,5,6,5,4,3,6,4,5,7,7,5,5,5,4,3,8,5,3,10,4,5,7
PF12842,4,3,6,5,4,5,6,5,4,6,7,4,2,7,5,3,5,5,5,2,3,4,3,4,5,3,6
PF15140,4,5
PF16013,3,5,6,7,4,6,3
PF13946,3,6
PF06477,5,4,5,3,7,7,4,7,3,2,4,5,6,8,7,3
PF04463,2,3
PF12026,3
PF10102,3,4,3,6,4,6
PF13915,7,6,3,4
PF07954,4,4,4,6,5
PF09876,4
PF16092,8,7,3,4,3,5,5,5,5,5,3,2,4,3
PF07119,4
PF15719,5,6,3,6,4
PF05325,2,4,5,2,6
PF05097,3,10,3,5,7,4,6,4,4,2,2,3
PF15262,5,7,3,4,4,4,3,5,4,5,7,6,4,3,9,6,5,3,5,3
PF05218,3,5,6
PF11237,4
PF09970,3,7,6,4,4,3,4,8,5,6,5,7,3,4,5,7,6,3
PF15949,7,3,5,4,8,5,8,5,5,4,4,5,6,3,5,4,7,5,7,7,5,4,5,6,3,6,3,6,3,3,2,6,7
PF16347,4,2,5
PF04465,2,4,5,4,6,7,5,5,5
PF04087,4,8,4,5,8,2
PF17006,3,4
PF16355,7,7,4,7,4,5,4,5,5,6
PF15375,4,5,6,6
PF10754,7,3,4,4,6
PF15133,5
PF15366,6
PF09495,3,7,3,4,4,3,4,5,7,8,5,4,6,4,3,4,7,6,8
PF10329,4,6,3,5,5,7,7,4,4,4,6
PF14652,3,6,5,6,5,7,4,5,2,6,5
PF13438,3,4,4,4,5,5,6,6
PF15766,5,4,4,8
PF15997,5,3,7
PF09962,3,4,6,3
PF10816,2,3,3,4,3,4,6,4,2,5,6,3
PF07023,3,6,4,8,5,5
PF11069,4,3,5,7,5
PF01989,7
PF10999,5,5,7
PF07469,4,9,3,7,7,5,5,4,6,8
PF04325,5,4,4,6,4
PF09966,3
PF06547,3,7
PF07556,4,5
PF08939,4,5,9,7,5,5
PF06364,6,6,4
PF12481,3,7,7
PF09323,7,5,2,5,7
PF03436,7,7,4,5
PF11179,4
PF14347,7
PF15484,5
PF09954,4,6,3,7,4,5,7,6
PF02520,4,6,7
PF06476,2,3,4,4,2,3
PF11026,3,4
PF10992,3,6,2
PF08953,8,4,3,5,5,5,9,6,4,7,7,7,5,4,3,9,5,3,3,8,4,2,6,5
PF10218,3,7,3,5,5,5,4,3,6,3
PF12482,4,2,4,6
PF15755,7,3,2,6,7,8
PF11362,4,4,5
PF13959,5,3,7,3,4,8,7,4,4,8,7,7,6,3,4,8,4,7,6,5,5,8,3,2,5,5,3,5,3,6,4,7,4,7,7,6,5,5,6,8,4,8,3,5,7,3,7,3,6,7,5,5,3,5,2,5,6
PF11398,6,6,4
PF04535,3,4,3,7,7,4,6,5,4,5
PF15257,3,7,8,5,5,3,3,4
PF04250,2,4,3,4,4,6,3,5,6,5,2,4,5,6,7
PF03904,3,3,5,8,5,3,5,4,4,2,6,7,5,6,3
PF11929,3
PF06196,4,4,4,4,3,5,5,5,4,6,5,3,6,5,3,5,3,8,4,5,7,4,6,2,3,3,6,5,5,5,8,6,3,7,4,4,7,4,4,5,5,5,6,6,6,7,4,5,3,4,3,2,6,7,7,3,6,7,3,4,5,9,6,6,6,7,6,5,5,6,5,5,7,6,7,3,5,8,7,4,9,4,5,7,7,7,6,6,7,4,4,6,6,4,4,6,5,5,4,2,5,4,6,7,4,8,4,5,6,6,7,5,8
PF10979,4,6,5
PF14091,4,3,4,4,4,6,6,5,3,5,9,6,5,8,7,8,7
PF13907,5,7,3,4,4,4,5,6,4,5,6,5,4,8,7,7,9,5,5,4,5,4
PF12499,3,4
PF09860,8,5,4,6
PF05675,4,3,5,6,5,5,4,3,5,7,5,7,2,5,7,3,4,4,4,8,6,6
PF10070,5,3,4,3,4,7,6,5,4,5,10,5,4,2,3,9,4
PF13827,4,3,5,3,6,5,2
PF11819,2,3,5,4,5,5,2,5,5,5
PF05643,5,4,4,6
PF16130,4
PF12068,4
PF17220,4,3,5,6,5,5,7,6,5,4,5,4,8,3,6,3,3,4,7,7,6,4,6,2,5,8,3,3,5,5,2,7,6,5,6,7
PF08217,3,4,6,6,7,9,4,3,5,6,6,5,5,6,8,3,6
PF13663,3,6,6
PF06844,3,6,7,4,9,6,4,5,7,6,4,5,8,5,5,4,4,7,4,5,2,5,7,4,7
PF13732,4,2,5,4,3,8,4,2,4,2,3,5,2
PF16286,4,2,3,4,7,6,3,5,2,4,3
PF08906,7
PF04461,4,4,6,5,8,8,4,2,6,5,2,6,5,6,5,3
PF14950,3,4,6,3
PF10073,5,4,4,4,5
PF04569,3,4,3,4,3,2,6,3
PF10177,4,3,4
PF12618,4,3,8,5,4,7,7,8,5,3,5,6,6,3,6
PF12675,2,7,7,6,4,4,7,6,5,3,2,7,6
PF15835,3,7,6,8,4,5,4,7,4,2,5,3,5,4,8,4,5,5,8,7,4,2,5,5,7,3,3,4,3,4,2,6
PF09172,4,4,3,4,5,3,5,2,5,3,5,7
PF11811,4,10,4
PF16066,5,3,5
PF11210,5,2,7,7
PF15998,4,3,7,-,4,7,6,9,5,5,4
PF15875,4,3,8,6,6,5,6,8,4,4,5,4,5,2,3,4,3,7,7,7,4,5,8,7,4,3,3,4,3,4,5,10,6,5,4,2,3,6,3,4
PF12001,3,5,6,6,5,7,2
PF13178,4,3
PF11339,7,5
PF11041,5,4,7,5,4,6,5
PF09836,3,3,6,4,8,4,10,5,5,4,4,3,4,4,8,7,7,3,9,7,3,5,4,2,4
PF07891,3
PF15509,7,3,4,4,5,9
PF10853,3,3,4,6,7,6,5,6,3
PF16315,7,7,3,7,6,3
PF11374,3,4,3,7,7,6,5,7,6
PF14892,7
PF10080,2
PF06147,4
PF11218,2,5
PF05872,7,3,3,4
PF07405,3,4
PF12579,6,8,5,6,5,3
PF01579,4,5,7,4,4,4,7,4,4,5,4,2,4,5,6,10,4,5
PF14740,3,7,4,7,6,3,5,4,6,9,5,6,9,7,4,6,5,6,4,5,4,6,5
PF11940,6,3,4,4,7,8,5,6,4,4,4,6,8
PF06032,3,4,6,2,6,6,8,6,5,5,4,5,2,4,6,6,4,6,5,3,7,4,7,5,5,5,5,7,7,4,3,2,5,5,3,4,8,5,3,2,6,4,5
PF07408,4,4,3,3
PF13225,3,7,5,5,5,7,4,4,2,2,6,3
PF16033,4,7,4,4,6,5,5,6,5,3,2
PF13886,5,7,7,5,3,6,5,5,2,6,5,6,3,5,6,6
PF11961,3,5,5,3,5,2,5
PF11914,4,7,4,3
PF07797,7
PF11142,5,3,4,3,4,4,5,6,5,4,6
PF11780,3,6
PF15006,7,4,4
PF09269,4,6,7
PF09937,7,4,3,7,5,4,4,8,6,5,4,5,6,5,6,3,4,5,4,4,5,10,7,6,5,6,5,4,2,4,6,4,6,6,5,3,4,6,6,7,7,8,8,4,5,5,3,6,2,6,3,6,3,8,3,7,7,3,4,4,5,4,4,5,2,6,7,7
PF14739,3,4,4,4,9,7,6,3,6,5,5,2
PF03235,6,4,5,2,5
PF05277,5,2,3,4,5,8,5,6,4,5,4,5,2,6,6,3,6
PF14364,5
PF07166,4,5,2
PF13427,5
PF10615,7,4,4,6,3,3,4,7,7,6,5,5,6,4,5
PF02643,2,3
PF11882,3,7,4,4,4,4,4,3,6,6,3
PF13313,4
PF05346,4,3,7,5,7,4,5,3,6,4,5,6,2,5,5,8,9,6,3,3,3,4,5,2,7
PF15373,5
PF16233,8,4,3,8,4,5,3,2,5,6,5,7,6,6,4,7,8,3,3,4,2,4,8,3
PF06680,4,3,5,6,5,8,7,6,4,5,6,6,4,4,7,7,6,5,4,4,5,4,6,7,5,7,5,2,5,3,6,7,7,4,3,5,5,6,2,3,6,5,3,2,6,4,3,8,4,4,2,6,6,4,7
PF04361,3,2,7,7,4,4,5,4,8,4,3,2,4,6,6,4
PF10035,5,3,3
PF13986,6,5,6
PF13767,4
PF14015,4
PF12131,5,6,5
PF03268,3,4
PF15813,5,3,7
PF04937,4,3,7,4,5,6,8,6,8,3,3,4,5,6,3,6,4,4,6,3,3,6,7,7,6,4,5,6,4,3,4,6,3,5,4,5,6,4
PF12362,7
PF07753,6,4,6,6,5,4,5
PF11995,4,6,4,9
PF04418,4,4,4,5,5
PF08592,3,4,3,4,4,5,6,3
PF05266,5
PF12006,7,3,4,4,4,7,8,3,6,4,2,7,4,4
PF08907,4,2,3,4,7,6,3,3,2,4,6,3
PF10734,3,5,3,4,4,4,7,5,5,6,4,5,3,6,6
PF06863,4,7,4,3
PF13870,8,5,4,8
PF07096,4,3,4,7,3,3,5,6,4,6,6,7,4,7,6,5
PF05117,8,5,4,6
PF14232,4,5
PF11900,7,3,4,4,5,5,6
PF11937,2,4,4,5,8,5,6,4,2,6
PF13926,7
PF09130,7,4,3,4,5,4,5,6,5,4,5,4,5,6,2,4,7,4,7,6,5,5,7,8,5,4,3,6,3,7,2,3,5,7,3,8,5,3,3,8
PF10839,5,2
PF10176,8,3,3
PF10772,7,3,4,6,5,2
PF07914,3
PF04094,7,3,4,4,4,7,6,4,2,4,2
PF14280,3
PF06001,3,3,5,5,6,4,8,6,4,6,10,5,5,5,2,4,4,3,4,7,4,8,7,7,6,5,5,3,9,7,5,3,3,5,4,6,4,5,2,4
PF11258,2,4
PF14818,4,3,5,4,7,4,6
PF14357,7,4,7,4,4,4,7,7,6,6,5,4,3,4,4,4,3,5,4,6,4,5,6,6,5,2,6,7,3,3,7,7,4,5,7,4,5,8,3,5,5,6,7,4,5,7,4,3,4,4,4,5,4,5,4,6,2,5,6,5,7,7
PF03761,4
PF10801,6,7,5
PF10387,4,3,7,4,4,8,5,6,4,5,6,5,6,4,4,7,7,5,3,3,5,4,3
PF08213,8,7,4,3,4,7,6,4,4,6,5,5,4,4,5,4,5,6,3,4,6,5,4,5,5,4,5,9,5,2,9,6,4,5,5,3,6,4,7,5,5,7,7,5,7,7,4,3,6,3,5,2,3,4,3,3,5,5,5,5,4,3,6,10
PF11985,6,4
PF10726,4,3,5,5,6,5,6,7,6,4,2,5,3,3,6,7,6,6,5,5,4,3,6,6,3,3,2,6,6,7
PF06916,3,4,4,6,4,5,5,6,6
PF14309,5,4,4,8
PF04260,4,3,5,4
PF07762,3,6,7,3,5,4
PF07103,4,7,3,4,4,8,7,6,4,5,5,5,2,5,5,7,5,7,5,5,3,6,2,3,6,5,3
PF05003,4,4,7,4,3,7,6,2,5,4,5,5,7,6,3,6,7,5,3,2,5,3,7,5,4,5,6,5,6,6
PF05303,8,4,3,7,5,5,6,6,3,3
PF09990,6,5,7,2
PF15959,2,7,3,6
PF16472,7,7,3,4,4,7,6,4,5,7,5,7,7,3,5,4,3,5,4,5,6,4,2,5,7,6,3,4,8,4,7,7,5,5,2,5,4,2,7,2,4,5,4,4,5,4,2,5,6
PF12509,4,4,5,8,3,6,5,4,4,2
PF14078,4,3,6,5,5,7,6,8,4,5,6,5,6,6,3,7,7,2,7,8,5,3,2,6,4
PF11360,7,5,6,2,4,5
PF14027,7,4,3,5,7,5,4,5,2,4,3,2,6,7,4,5,6,2,3,5,3,6,7
PF09837,6,4,4
PF06382,4,4,4,4,4,10,2,5,4
PF07081,5,4
PF14111,7,4,3,4,5,8,5,6,5,5,8,3,4,9,5,7,6,9,5,5,2,4,4,6,7,4,7,5,6,5,6,5,6,5,7,3,4,6,4,3,7,3,5,3,2
PF15239,3
PF08719,3,5,8,7,4,4,6,4,5,4,9,2,5,6,3,3,7,5,4,4,2,3,7,4,5
PF15376,4,4,3,5,4,9,3,5,3
PF12435,5,3,7
PF13182,7
PF15700,6,6
PF04783,2,5,3,3,8,6,7,4,5,2,7,6
PF14294,4,2,3,5
PF11375,4,3,5,4,3,6,4,5,5,6,4,2,3,7,5,2,3,3,8,3,5,6
PF12927,8,6,8
PF05075,7,5
PF04356,4,5,3,6,7,5,4,5,7,3,7,4,3,7,4,5,7,4,5,6,5,3,4,5,5
PF05340,4,3,4,4,8,3,3,7,4,5
PF15134,9,6,6,3
PF12051,4,5,6,6
PF11702,7,7,5,5,3,5,6
PF06697,4
PF11898,4,4,4,2,2,6
PF15928,4
PF11905,4,3,7,4,4,5,4,4,5,6,5,6,2,3,3,4,7,4,6,6,6,3,5,2,4
PF16027,4,4,7,6
PF16263,4,-,8,3,5,4,2,2,6
PF16153,4,3,5,4,3,6,4,5,5,6,4,2,3,7,5,2,3,3,8,3,5,6
PF06853,5,7
PF13968,7,3,4,7,2,5,7,5,4,4,4,5,4,4,6,3,4,7,6,5,6,6,2,5,3,3,6,5,2,6,6
PF10022,2,4,2,5
PF07286,8,2,9,5
PF10834,4,3,8,5,6,4,7,5,5,4,3,6,4,6,5,9,5,4,2,5,5,3,7,5,7,4,3,4,2,5,6,7
PF10691,7,3,4,4,7,6,4,6,6,3,5,6,4,3,5,4,5,6,7,4,3,3,7,5,6
PF03314,3,8,7,5,2
PF12916,2,5
PF10240,7,4,3,5,5,4,5,6,3,4,5,5,7,6,4,2,4,3,4,5,3,2,3,8,4,4,4,2,6,6,7
PF12516,3,4,3,4,4,3,4,10,4,6,5,4,5
PF13846,8,6,6,8,5,3,3,3,3,3,7
PF09664,2,5,5,4,5
PF13810,8,6,8
PF06288,7,4,7,3,4,4,4,8,6,5,4,6,4,6,5,5,6,6,7,7,4,4,6,2,3,8,4,3,4,5,2,5
PF09874,3,5,6
PF14316,4,2,5
PF11272,5,7,7
PF01345,4
PF07063,6,5,4,4,3,5
PF11861,3,4,7,6,4,6,6,3,5,6,4,3,5,4,5,6,7,4,3,3,7,5,6
PF12064,4,3,7,4,7,4,6,6,7,6,7,7,3,6,3,7,6,4,7,9,6,7,6,3,3,6,4,7,6,5,5,8,7,3,4,2,4,3,7,5,4,5,5,5,2,7
PF10096,2,6,5,2,7,5,6
PF11876,5,4,3
PF07987,5,3,7
PF15382,7,4,4
PF05611,7,3,6
PF05306,8,5
PF14108,5,2
PF04214,3,5,3,4,4,4,3,3,7,4,7,5,5,2,3,8,3,3,3,5,3,6,6,7
PF16387,6,7,5,3,7,4,4,7,4,7,7,4,6,5,4,4,9,5,4,7,7,3,6,5,5,5,2,5,7,4,5,7,3,6,-,4,5,5,6,6,5,7,6,4,4,5,5,4,5,6,2,8,4,3,4,7,5,5,4,5,4,5,3,2,7,7
PF13271,5,3
PF11830,4
PF05527,4,3,4,5,6,7,7,4,5,5,5,2,6,7,7,4,5,5,2,6,4,5,5,4,2,6,5
PF03984,6,4,4,7,7,3,2,4,5,5
PF14902,8,6,4,6,6
PF04884,4,3,7,5,3,5,5,6,6,2,5,5,7,6,7,2,3,4,4,8,2,7
PF15054,5,2
PF04305,5,3,4,3,6
PF06658,6,7,3,4,4,4,5,7,6,5,3,7,5,5,5,7
PF09931,4,2,2
PF14934,5,4
PF15395,6
PF05787,7,6
PF04842,7,3,3,4,4,4,4,4,5,5,9,7
PF15716,4,2,5
PF15021,6,6,6
PF07958,3,4
PF05990,4,3
PF12054,2,5,7,3,4,4,4,5,5,4,4,7,7,4,5,5,4,4,10,4,5
PF15025,3,6
PF15266,3,4,5,4,3,4,5,9,4,5,4,6,5,3
PF08550,8,6,4
PF17020,6,4
PF05128,4,6,7
PF10335,5,7,4
PF05684,3,7,4,5,4,4,3,8,3,5,6,4,3,2,2,6,6,3
PF14983,3,4,6,4
PF15399,2,6,4
PF11154,5,5,8,8
PF06469,4,3,7,4,7,7,5,4,8,5,6,5,4,7,5,4,7,5,5,2,3,6,6,4,7,4,9,5,5,5,3,6,2,5,2,3,3,4,5,3,4,2,7
PF13349,8,5
PF13331,7,3,6
PF15112,6,4,8
PF10994,4,6,6
PF15938,7
PF13700,8,5,4,6
PF07794,4,3,2,5
PF15087,6
PF15558,7,7,5,3,6,5,5,6
PF16477,5,4
PF07801,3,5,3,4,3
PF09829,7,6
PF11028,4,4,5,4
PF11066,5,3,4,5,4,10,6,6,8,3
PF08952,3,3
PF10370,3,4
PF16041,3,7,3,4,4,7,4,6,4,4,6,5,6
PF10332,4,5,7
PF11233,7,3,2,6,7,8
PF09427,7,5,5,6,4,2
PF14234,4,3,6,7,4,6,7,6,5,6,4,5,2,6,4,7,7,5,5,2,3,4,3,5
PF06245,4,3,5,4,6,2,3,6,7,4
PF12532,-,4,3,7,4,5,3,4,4,5,4,2,3
PF17164,5
PF14297,5,4,6
PF13960,2,7,3,4,4,4,7,4,6,7,4,5,4,5,2,6,5
PF07011,6,7,3,6
PF05056,7,3,5,4,8,4,6,5,3,4,4,5,3,5,5,4,3,4,3,3,2,6
PF11022,4,7
PF16089,3,6,4
PF05620,5,3,6,4,5,7,5,4,5,4,6,2,6,2,3
PF07273,5,3,4,7,5,9,5,5,5
PF04578,7,3,4,7,2,6,5,7,5,4,4,5,4,6,3,4,7,7,6,5,6,6,2,5,3,3,3,6,3,5,5,2,6,6,7
PF08853,6,4,4,5
PF12038,7,7,3,4,7,4,5,2,6,4,6,4,4,3,3,4,7,5,7,2,3,8,4,4,5,5,3,2,6,3,4
PF13116,4,5,3,3,4,6,5,7,4,4,5,3,8,4,4,7,6,7,4,5,4,3,4,7,3,2,4,4,6
PF06299,3,5,4,4,7,3,3,6,7,4,2,3,5,5,3,3,5,3,3,2,6,6,7,7
PF12406,8,4,3,7,4,4,5,5,7,3,5,4,5,4,7,4,8,5,4,3,7,7,9,7,6,5,5,7,5,6,4,6,3,3,5,2,3,6,3,2,6,6
PF09347,5,3
PF09945,8,4,3,7,4,4,6,5,5,6,5,4,9,2,5,2,7,6
PF10998,7,4,4,7,2,6
PF08401,3,4
PF04577,5,3,4,6,5,4,7,8,7,3,4,6,6,5,6,5,5,5,3,5,5,3,7,2,5
PF14079,8,5,4,6
PF09722,2,3
PF11907,3
PF11539,5,2,6
PF01949,5,4,5,4,3,4,5,6,6,3,6,5,5,5,6,4,6
PF12078,7,4,3,6,4,7,6,5,3,4,4,2,7,3,4,5,4,4,5,4,2,6
PF07092,4,6,9,3,4,4,7,7,5,5,7,3,5,5,5,7,3,2,5,6
PF16279,4,9,3,7,7,5,5,4,6,8
PF14644,5,10,4,3,5,5,4,5,6,6,2,6
PF11855,7
PF05057,5,4,6
PF11998,4,3,4,5,5,5,4,5,3,4,7,4,3,5,2,3,3,8,6,3,5,6,7,7
PF07799,4
PF12200,2,3,5,5
PF14213,3,3,7,3,4,4,4,5,3,4,4,5,4,5,4,3,2
PF10065,4,4,4,3,5,5,5,2,4,7,6,3,4,3,7,3,6
PF14643,10,5,4,5,6,2,6
PF15973,3,4,3,4,4,5,9,4,6,5,5,2,7,5
PF11017,7,4
PF10223,3,6
PF07350,4,4,7,4,5,5,7,3,5
PF15546,3,3
PF14362,5,2,7,7
PF08924,3,3,5,7,7
PF07560,7,4,5,4,8,7,5,3,6,5,4,6,5,4,5,3,3,4,4,2,3,3,3,4,5,5,5,6,7,7,4,7,4,5,5,8,5,5,6,6,4,7,6,5,5,7,7,3,3,3,4,3,2,3,6,5,3,7,6,2,3,4,7,6,5,6,5,5,6,6,5,2,6,7,8,3,7,7,6,4,4,5,5,7,5,5,6,7,7,5,5,6,4,5,4,5,2,7,7,7,4,7,5,7,8,3,6,9,7,4,5,5,4,3,8
PF13430,7
PF12023,3,3,6
PF04363,5,3,7
PF05754,4
PF10310,5,5
PF12877,6,7
PF04074,7,6,4,4,3,6,6,6,3,2,3
PF08578,4,3,4
PF06500,4,7,7,3,5,5,5,6,3,5,6,5
PF14291,4,8,5,8,5,4,5,6,7,7,6,5,5,3,3,5,5,6,4,3,2,5,3,3,6,3,5,7,6,4,4,5,4,4,4,4,4,3,6,5,4,6,3,3,9,9,6,6,6,6,4,4,7,4,5,7,6,7,3,3,3,5,4,3,2,6,3,6,5,3,3,4,7,5,6,6,5,4,6,8,7,4,4,5,4,6,6,6,8,7,6,5,5,7,4,5,4,6,6,5,4,4,2,3,4,6,4,4,4,7,7,5,8,4,6,2,5,4,6,4,6,4
PF11941,2,4,5,2,6
PF15075,5
PF06533,4,3,5,3,4,4,4,2,4,4,2,3
PF07893,7,3,4,4,7,3
PF11805,8,2,6,3
PF02721,7,3,6,7,7,4,4,4,6,5,4,5,6,5,5,6,6,6,6,7,4,5,5,2,3,10,5,5,4,2
PF13352,7,6,4,4,4
PF14342,4,5
PF05912,7,3,4,4,7,7,4,5,5,6
PF15442,5,3,4,4
PF10356,7,7,5,4,7
PF13054,4,6,4
PF16065,6,6,4,3,4,5,4,2,3
PF03269,5,7,2,4
PF10825,4,7
PF14289,3,2,3
PF06295,6,7,5,4
PF15936,3,3,4,4,3,5,6,5,7,2,4,7,4,8,7,3
PF11672,5,5,6
PF15856,6,5,6,4
PF11736,3,4
PF16022,4,2,3,5
PF12376,3,3
PF15720,5,3,9
PF09431,3,7,3,4,5,4,3,5,4,4,7,5,4,6,4,5,3
PF06388,3,3,4,6,7,6,5,6,3
PF02620,4
PF11691,7,3,4,4,5,5,4,5,9,3,5,4,2,9,6,3,3,4,6,4,7,7,4,7,9,6,2,3,3,8,3,3,3,5,7,6,6
PF14257,5,8,7
PF06980,3,4,6
PF16086,3,4,7,7,4,7,4,2,5,7,5,6,5,3
PF12022,6,3,5,4,4
PF15548,3,4,4,6,4,6,5,5,4,2
PF15849,6,8
PF06799,6,5,3
PF12968,7,2,3
PF13569,6
PF06131,3,5,6
PF10221,3,2,6,3,4,4,7,7,8,3,2,3,3,7
PF11254,7,5,3,6,7
PF04359,5,4,6,4,9
PF08950,7,2
PF14009,7,3,4,4,4,4,3,4,6,5,5,7,4,3,3,7,7,7,5,3,7,6,3,3,5,7,3,7,3,2,4,5,5,6
PF14229,6,5,4,3,4,10,6,5
PF13988,6
PF13826,7,4,4,6,4,5
PF16112,7
PF13786,5
PF07939,5,4,3
PF05705,6,4,5,5,3,5,4,3,5,4,4,3,7,5,7,2,6,7,5,3,3
PF07077,5,4,4
PF06966,5,4,3,7,4,5,3,5,4,6,3,2,2,5,3,8
PF06930,7,3,4,7,3,4,6,5,5,6,4,3,7,3,9,4,6,5,6,2,4,8,7,3,5,3,2,5,6,6,7
PF04379,8,3,3,5,6,5,3,5,6,4,2,5,2,5,3
PF13464,6,3,6
PF11326,5,4,3,4,5,7,5,6,5,5,5,4,6,6
PF09667,3,4,7,5,9,8,3,6,4,7
PF06327,4,2,7,3,4,6,8,4,4,4,4,4,9,4,2,5,3,5
PF06865,6,5,6,5
PF11688,3,6,6,4,4,7,5
PF03478,3,3,5,4,6,5,7,4,2,4,3,7,5,7,6,4,4,6,8,3,4,4,5,3,6,6
PF04747,5,7
PF06161,2,6,5
PF11923,7,3,6,4,6,7,6,6,5,4,4,5,7,6,3,4,2,4,7,3,6,7,4,3,8,5,6,6,7,3,6,9,4,3,5,6
PF06267,5
PF10056,4,6,6
PF08855,6,5,6,4
PF15855,5,3
PF14252,5,3,4,4,7,8,5,6,9,6,3
PF13300,8,4,3,7,4,8,6,5,5,6,4,5,6,4,6,3,4,5,2,3,6,10,5,3,2,5
PF11211,4,2,5
PF13778,7,3,4,4,5,5,4,3,5,4,6,4,5,3,6,2,7,7,4,5,3,2,6
PF05960,5
PF14087,5,2,5
PF12518,7
PF11363,6,6,6,6
PF05284,4,4
PF12263,3,7,7,5,4,3
PF12463,4,3,4,4,4,7,4,4,5,5,2,5,2,6
PF05604,3,2,4,7,7,8,5,3,6,3,6
PF11578,5,4,5,5,3,5,5,4,5
PF04241,4,4,7,4,5,5,7,3,5
PF14283,3,4,3,7,3,4,6,6,7,4,5,5
PF16473,6
PF06674,7,3,3,5,8,6,7
PF05212,7,4,4,6,7,5
PF15679,3,7,7,4,4,6,6,5,5,5,8,5
PF07617,3,4,3,4,4,5,8,5,5,7
PF08560,7,3,4,4,4,8,6
PF10667,4,7,5
PF09845,3,10,3,5,7,4,6,4,4,2,2,3
PF05608,2,4,3,4,4,7,3,5,5,5,5,5,7,6,6,2,8,2,3,6
PF06887,5,4,7,5,4,6,5
PF07301,7,2,3
PF07394,4,7,6,5,5,3,2,5,5,6
PF14311,4,6,5,2,6,5
PF01947,2,5,5,4,5
PF13293,5,5,6
PF06012,8,6,6,4,6,3,3,3,7,3,4,6,5,3,5,5,7
PF14103,3
PF11523,6,5,3,6
PF08850,4,2,5
PF15960,4
PF11863,7
PF14216,4,4
PF05542,7,7,3,4,5,4,2,5
PF09291,4
PF09317,4,5,2,5,3
PF01595,4,3,7,4,8,4,6,7,6,5,4,5,6,3,5,8,4,4,4,5,9,5,4,5,6,3,6,6,5,4,2,6,6,5,6,6,7,5,3,6,4,7,7,5,8,2,7,3,5,9,8,2,3,5,7,4,3,7,3,5,7,9,5,4,3,4,2,3,6,3,6,8
PF16297,4,3,4,4,7,4,3,5,4,7,5,3,9
PF07957,6,6,6,6
PF09755,4,3,7,5,7,4,5,3,6,4,5,6,2,5,5,8,9,6,3,3,3,4,5,2,7
PF11936,6,5,5,3
PF09924,4,5,4,4,3,4,3,7,5,7,5
PF07059,3,3,4,4,7,5,8,3,6,4,4,6,3,6,3,9
PF12480,7,7,3,4,4,7,8,5
PF12452,2,7,4,4,3,2,3,3,5
PF13600,4,7,3,4,4,4,8,2,4,3
PF11443,7,6,4,4,3,6,5,5,3
PF15464,7,2
PF07128,2,3,7,4,8,4,7,4,3,6,4,4,5,2,7,2,5,3,9
PF15860,7,6,3,3,2,4,4,3,7,2,4,5,7
PF07774,7,7,3,5,4,4,7,3,8,5,5,6,7,6,6,4,5,4,6,9,5,5,8,6,4,2,5,3,4,7,7,6,5,6,6,4,6,2,5,2,4,3,9,3,5,5,4,2,5,3,5,6,5,6,7
PF13136,8,4,4,5,4,5,4,7,9,4,5,6,6,7,6,5,5,3,4,6,7,3,2
PF04134,5,5,4,10,4
PF14975,3,4,3,7,6,4,4,7,8,6,8,6,6,7,6,3,5,4,4,6,5,6,4,3,5,3,3,7,5,4,7,5,5,9,4,4,5,6,5,5,4,2,3,8,6,6,7
PF04504,4,8,3,6,6,5,4,4,6,4,4,5,6,6,5,8,5,2,3,8,3,3
PF13118,5,4,6,4,9
PF11304,3
PF12340,3,7,5,4,7,9,6,5,5,5,5,5,6,4
PF07786,2,4,2,5
PF11236,3
PF09005,5
PF04789,3,6,4
PF15763,5,6,2,6,4
PF12511,7,4,4,7,4,6,3,4,2,7,5
PF17137,5,4
PF04337,3,4,6,4
PF13099,4,6
7,7,3,4,4,4,4,5,4,3,6,7,4,5,4,2,5,4,5,6,4,2,5,6,3,6,5,3,4,4,5,7,4,7,8,5,5,4,5,2,3,5,2,3,3,8,4,6,3,4,4,5,3,6,7,4,3,6,4,8,4,5,5,4,4,6,7,7,7,3,3,3,6,9,3,3,4,3,4,2,6,4,3,5,3,7,3,6,4,5,4,6,4,4,4,7,4,5,5,5,9,6,6,6,4,5,7,7,6,5,3,4,4,3,2,6,7,3,8,5,5,5,9,6,4,5,3,6,6,-,9,5,6,5,6,5,8,6,4,4,5,6,7,7,6,5,4,2,6,4,5,6,4,2,4,4,7,7,4,7,5,7,4,3,5,2,7,4,5,4,10,4,3,4,4,8,5,6,4,6,6,5,3,3,6,7,5,6,3,3,7,4,6,5,3,5,5,4,4,3,5,7,4,5,5,4,7,5,5,7,7,3,4,5,6,5,5,9,7,7,6,9,7,9,3,4,4,5,-,2,5,7,7,4,3,4,3,7,5,5,4,5,4,6,3,7,8,8,3,5,3,4,5,3,2,6,7,6,5,6,4,5,3,3,3,7,8,5,4,6,2,5,3,4,7,7,3,4,5,4,3,7,7,5,4,4,4,6,3,6,5,5,3,6,6,5,7,3,4,4,4,5,6,4,5,5,6,5,4,8,7,7,9,4,5,4,5,5,4,4,4,5,3,7,3,4,4,4,7,4,4,4,6,4,5,7,5,5,5,2,9,5,6,4,7,3,5,3,7,5,4,8,6,3,3,7,5,7,4,4,4,4,4,2,5,2,3,4,5,5,7,4,7,4,4,4,3,5,2,3,4,4,7,4,9,8,9,3,4,3,7,4,4,7,7,4,4,5,6,3,6,6,3,4,4,4,2,4,2,3,4,3,7,2,5,6,7,4,4,5,4,2,7,5,5,3,3,8,6,3,6,6,3,3,4,5,5,7,6,5,4,3,8,6,3,2,5,5,5,5,2,4,8,10,5,3,5,2,5,4,5,3,8,7,3,7,6,7,4,5,8,4,5,6,3,5,4,4,4,5,4,5,4,5,7,5,2,9,7,5,5,3,5,7,7,4,8,5,2,3,8,2,5,8,4,7,3,3,4,5,3,2,4,6,5,7,7,4,7,4,5,4,5,5,6,4,3,5,4,7,7,5,5,4,5,5,3,6,7,4,4,6,6,4,3,7,4,7,4,6,6,7,2,4,5,4,7,4,6,2,5,7,5,6,3,5,4,3,7,7,7,7,5,2,8,5,4,9,5,5,4,2,5,5,4,3,4,3,3,2,6,6,5,4,2,3,6,5,4,5,7,6,7,7,7,2,6,5,2,3,3,6,3,5,4,2,3,7,3,7,4,4,7,8,5,4,6,7,6,3,3,4,4,8,4,3,6,3,5,7,6,3,4,6,6,4,5,6,7,5,4,6,4,8,6,5,2,3,8,3,6,4,3,7,4,7,7,5,5,5,2,6,5,6,4,6,3,2,4,3,4,3,8,5,3,6,4,5,3,2,4,2,3,5,5,2,7,7,4,3,4,4,7,8,4,5,2,3,4,3,7,5,4,4,6,2,4,3,6,5,4,3,3,2,4,8,4,3,5,3,5,4,5,3,4,5,6,2,6,3,3,7,8,4,3,7,6,4,6,5,4,5,7,7,5,5,2,8,6,5,5,7,7,4,3,4,4,8,4,5,7,5,4,3,4,5,4,7,7,6,7,4,4,3,4,4,3,4,5,5,3,4,4,7,6,7,4,5,3,6,2,2,6,6,8,7,6,5,6,8,7,5,4,4,4,3,6,7,5,3,6,4,6,5,3,5,3,6,5,6,3,4,4,7,4,6,6,8,7,4,5,8,7,4,6,5,4,6,6,5,4,5,2,3,3,3,6,3,3,9,4,7,9,5,5,5,4,3,9,4,9,3,2,4,3,9,7,3,4,4,5,3,5,3,2,5,6,7,4,4,3,4,6,5,3,8,7,5,6,4,7,5,5,4,5,4,8,5,5,2,5,6,2,5,4,3,4,5,8,5,4,4,5,2,5,6,2,3,7,7,4,3,5,6,7,5,4,3,5,3,4,8,4,3,7,4,4,6,6,5,7,4,5,6,6,4,8,8,5,4,6,5,3,6,5,8,7,7,5,6,6,6,9,4,7,7,7,6,5,9,8,9,7,8,3,4,5,5,6,3,5,6,4,4,7,-,4,4,3,3,5,4,3,7,5,4,5,6,5,4,2,5,5,2,4,5,4,4,2,5,4,7,3,4,4,8,5,6,5,7,6,4,5,8,7,5,4,3,6,2,6,4,3,3,7,6,7,7,7,4,7,5,5,8,7,5,4,4,2,6,6,8,4,3,4,3,5,5,2,7,6,4,6,3,4,6,7,7,3,4,6,3,7,7,4,3,9,6,3,6,5,5,3,3,8,4,3,5,7,5,2,5,9,6,5,4,3,6,5,3,5,7,4,7,3,7,5,4,8,6,3,6,5,6,6,7,3,4,7,5,5,3,4,9,4,5,5,4,6,7,4,5,6,7,5,5,6,4,5,2,5,6,4,3,6,8,5,6,3,4,5,4,4,5,7,4,4,6,5,4,5,3,5,4,3,7,6,5,3,5,5,7,5,5,6,5,3,3,2,7,6,3,8,3,4,5,4,4,5,7,6,6,3,3,6,3,7,7,4,3,7,5,3,5,3,3,5,5,5,2,6,3,4,6,5,5,4,6,4,6,4,5,6,5,5,4,7,5,4,6,5,4,6,6,6,5,4,3,5,7,3,3,5,3,6,6,7,5,2,7,3,4,4,4,3,9,7,5,4,6,6,5,7,5,2,2,7,5,3,4,4,4,6,3,5,3,3,6,3,7,3,4,3,6,6,4,4,5,6,5,5,6,9,5,3,4,3,4,7,7,5,4,6,6,3,5,7,7,7,3,4,4,4,6,9,5,6,4,4,5,4,7,2,6,4,5,6,5,5,5,7,4,5,2,6,3,4,4,5,2,4,2,2,4,5,5,4,5,4,4,8,7,5,7,5,7,3,4,4,4,4,4,7,6,5,5,3,2,5,5,6,2,3,5,6,5,4,9,4,3,7,4,3,4,6,5,5,6,5,7,5,6,7,4,8,5,3,8,6,6,3,5,3,6,3,4,7,4,4,5,8,4,4,6,5,4,4,6,5,3,5,5,5,5,3,4,6,4,7,2,5,6,3,3,6,7,6,4,3,3,3,4,6,5,4,5,6,8,5,4,5,6,5,4,3,8,6,3,2,5,4,3,7,5,4,7,4,5,5,7,5,4,4,4,5,6,4,7,3,6,5,2,3,5,6,5,5,8,3,4,4,6,2,5,4,5,6,8,7,7,5,6,3,7,6,3,5,7,3,5,3,6,3,7,3,3,7,4,7,3,4,3,6,6,6,3,4,6,5,4,6,3,4,3,7,4,7,7,6,4,5,5,5,3,6,5,3,6,4,6,5,5,6,6,2,4,8,5,7,7,5,5,2,3,5,4,6,5,4,4,5,2,8,7,5,8,3,4,4,8,4,6,6,5,5,2,4,2,2,4,6,8,6,3,6,6,8,3,4,6,3,2,3,5,7,6,3,6,7,9,7,3,5,4,2,5,5,3,3,7,6,6,3,4,4,8,4,5,5,7,5,4,4,2,2,6,3,3,4,3,7,3,6,5,5,2,6,5,3,5,4,5,6,6,7,6,5,6,4,5,5,4,5,3,7,5,4,5,7,4,5,5,7,4,4,4,4,3,3,3,6,3,5,5,3,2,6,5,6,7,5,3,4,6,5,2,6,7,2,4,7,6,6,7,6,4,6,5,3,9,4,5,3,5,5,2,6,5,7,3,5,3,5,5,6,7,4,6,6,4,5,5,6,7,5,6,5,6,7,4,5,5,5,5,10,6,4,7,2,6,5,3,5,5,6,5,5,3,4,7,7,6,7,5,5,6,5,4,8,4,6,5,5,7,6,6,3,7,4,8,4,5,6,4,7,7,7,4,5,4,4,7,9,7,4,7,4,4,4,7,7,6,6,5,4,3,4,4,4,3,5,4,6,4,5,6,6,5,2,6,7,3,3,7,7,4,5,7,4,5,8,3,5,5,6,7,4,5,7,4,3,4,4,4,5,4,5,4,6,2,5,6,5,7,7,3,4,8,4,3,2,6,4,4,3,4,4,8,4,4,6,8,7,5,3,4,4,4,5,5,4,5,4,7,5,2,5,4,3,7,7,2,5,5,5,3,4,3,4,3,7,2,5,3,3,5,3,4,3,8,7,8,3,6,6,7,4,5,7,3,4,4,4,5,6,4,5,6,5,4,8,7,7,9,5,5,4,5,4,4,8,4,3,8,6,4,5,3,4,5,5,4,3,5,4,2,3,4,7,3,3,6,6,7,5,3,2,5,4,4,4,4,3,6,3,5,4,7,5,4,6,5,5,6,5,6,6,4,7,7,7,4,3,4,4,3,3,7,5,4,5,3,8,6,5,4,8,5,5,4,4,5,3,7,4,3,4,3,5,6,5,5,5,6,6,3,7,7,4,3,5,5,5,3,6,3,4,3,7,7,5,3,5,5,6,3,5,7,5,4,4,4,8,6,7,7,6,4,7,6,5,3,5,4,7,5,4,5,3,2,4,3,3,6,6,4,6,4,4,6,6,6,4,5,7,6,5,9,6,7,6,5,6,4,7,6,7,7,6,7,5,6,5,3,10,4,4,3,2,3,3,7,6,8,3,6,6,7,3,8,5,6,4,5,6,6,7,5,5,5,6,4,5,2,4,7,7,4,5,4,6,5,5,5,4,6,4,4,3,6,4,5,8,5,3,5,7,4,5,6,2,2,5,5,5,2,4,5,6,5,7,2,4,6,4,5,6,7,4,4,3,6,5,6,6,5,9,5,6,8,3,10,7,3,4,4,5,4,4,4,7,3,5,4,6,6,3,3,7,5,5,4,4,8,4,4,9,8,4,5,5,4,6,6,4,3,5,5,5,4,9,6,4,4,2,5,5,3,4,3,3,7,2,5,7,4,6,6,6,4,3,7,4,8,4,5,4,5,3,7,5,5,5,5,5,2,3,4,4,4,8,4,7,9,3,6,5,4,2,5,7,5,3,6,5,7,7,4,5,8,6,5,5,3,6,5,6,5,7,4,4,4,8,3,3,5,7,10,4,6,6,4,2,6,6,6,7,7,4,5,2,3,4,7,7,3,5,3,3,3,7,3,3,2,3,8,3,4,7,7,6,3,7,3,5,5,4,6,5,7,6,7,7,4,3,7,5,3,5,5,6,6,2,5,5,7,6,7,2,3,4,4,8,2,7,6,4,6,6,5,5,3,7,3,4,4,4,8,6,4,5,6,4,6,6,2,5,4,6,5,5,7,4,5,5,3,5,2,4,5,5,7,3,4,3,4,4,5,6,3,2,4,2,3,4,7,6,3,5,2,4,3,3,5,3,7,8,4,8,4,3,4,7,6,7,5,4,5,4,5,4,3,8,4,4,5,3,4,4,4,3,2,5,5,2,4,3,7,4,4,6,5,6,7,7,3,4,5,5,2,3,4,7,4,5,5,7,6,4,3,2,3,5,7,3,5,4,4,5,6,3,7,3,3,4,4,6,3,5,7,5,4,5,5,5,2,5,2,6,5,6,3,7,3,4,4,6,5,2,2,4,6,5,4,3,4,8,3,5,5,6,4,6,6,4,5,3,4,6,6,7,6,4,3,3,4,2,6,5,4,3,2,4,2,7,4,4,3,5,6,3,2,6,3,6,8,5,4,4,4,4,3,4,7,2,4,4,6,7,2,6,3,8,4,5,3,5,4,6,4,9,-,7,4,6,6,6,5,4,7,6,6,9,6,7,2,4,5,4,6,4,9,7,6,4,3,5,5,4,6,3,5,6,5,2,3,2,6,6,7,5,5,4,3,6,7,3,4,6,4,4,5,5,3,7,6,3,8,3,4,4,6,5,5,4,4,6,7,5,4,5,4,7,3,5,7,8,3,6,6,6,2,8,4,6,4,4,5,3,3,7,4,2,5,4,4,7,4,5,5,7,3,5,3,4,3,5,2,5,5,4,6,6,4,5,9,4,6,3,4,3,3,8,7,8,5,5,7,2,2,5,7,6,5,8,3,7,5,5,5,5,4,2,4,4,7,4,8,3,4,3,3,6,7,3,4,7,4,4,7,5,6,7,6,5,5,3,3,7,3,4,4,4,7,7,4,5,5,6,5,5,7,4,3,4,3,7,6,8,8,5,6,4,2,8,5,3,5,3,4,5,3,4,7,4,4,7,5,5,6,6,8,6,5,3,6,3,8,4,4,5,5,6,3,5,8,3,2,4,8,5,8,4,5,4,4,5,7,3,4,4,5,9,3,2,5,4,4,7,8,7,4,4,4,5,5,5,5,6,4,4,7,4,4,5,5,2,5,7,6,4,3,4,4,7,5,7,3,2,4,2,6,2,2,2,7,7,3,4,4,7,8,5,4,4,3,5,6,7,3,4,4,4,6,4,7,4,3,7,5,3,6,4,6,5,5,5,5,6,6,6,4,2,7,3,3,5,7,5,6,6,5,3,2,6,7,3,3,7,7,5,3,2,5,6,4,6,5,6,8,6,6,5,2,7,7,6,3,4,5,7,5,3,5,5,5,6,2,3,3,4,3,5,6,5,2,6,5,7,3,4,4,4,5,6,6,4,5,7,6,5,5,2,4,3,4,6,4,6,5,7,5,5,5,4,3,3,5,4,4,8,3,4,4,3,6,4,7,7,4,3,5,6,3,6,7,3,2,5,2,6,3,3,3,7,6,6,4,2,3,6,7,6,3,5,7,3,4,7,3,4,4,3,6,5,4,3,4,10,6,5,3,3,7,4,5,5,9,2,6,3,7,5,9,4,5,9,3,5,6,3,4,4,4,5,3,2,6,3,5,5,4,5,5,3,2,6,6,4,3,-,3,4,3,5,7,4,4,4,6,7,4,3,4,6,4,5,4,7,4,6,5,2,7,7,4,6,6,6,7,4,4,5,5,5,5,7,4,3,6,6,5,3,4,7,7,4,4,5,5,2,7,2,7,8,2,3,3,3,5,4,5,5,4,2,5,5,6,5,7,6,5,4,3,8,8,4,5,7,4,5,3,5,3,4,5,4,5,4,5,6,6,5,4,5,2,3,5,5,3,4,6,5,3,3,8,6,4,5,6,5,9,2,7,3,3,7,7,4,3,5,8,7,3,8,5,3,7,10,4,5,3,2,5,6,3,5,5,6,4,4,3,8,9,5,5,6,7,5,8,4,5,8,5,6,6,5,3,5,6,9,3,7,4,3,7,4,7,7,5,4,8,5,6,5,4,7,5,4,7,5,5,2,3,6,6,4,7,4,9,5,5,5,3,6,2,5,2,3,3,4,5,3,4,2,7,7,4,7,4,5,5,7,5,5,6,4,4,6,3,6,3,6,6,6,6,2,3,4,4,2,3,4,6,7,3,4,8,4,6,6,6,3,4,3,5,5,7,7,7,4,6,5,5,5,4,7,3,4,8,6,5,4,2,5,5,4,3,4,7,3,4,3,4,7,5,5,2,3,4,5,4,4,3,4,5,3,5,2,5,3,5,7,3,7,7,4,3,3,6,4,7,6,4,4,6,3,6,4,3,5,6,4,5,4,6,6,6,2,4,5,8,5,5,6,4,7,6,6,4,3,3,8,4,4,5,4,5,6,7,4,4,4,7,7,4,3,5,7,3,5,4,2,6,2,5,3,6,8,5,3,2,4,6,5,3,7,5,4,7,9,6,5,5,5,5,5,6,4,3,4,2,4,7,3,4,4,5,4,4,7,7,3,6,7,3,4,5,5,3,2,4,6,4,8,5,4,7,4,9,5,6,7,4,3,5,7,5,6,3,-,8,5,8,7,5,5,6,5,2,5,7,6,2,8,3,8,3,3,5,6,8,4,5,5,6,5,2,4,6,4,5,7,5,7,4,5,3,6,3,4,2,5,5,2,5,5,6,3,6,4,2,6,5,6,4,2,6,5,3,7,5,5,5,7,4,4,2,2,6,3,3,4,3,7,7,4,6,5,4,5,3,5,5,5,2,4,8,10,2,4,7,4,3,7,4,6,7,4,6,4,4,5,5,4,5,5,2,6,7,5,3,4,8,7,7,4,5,5,2,4,10,5,3,4,5,5,4,5,5,4,6,5,2,3,2,4,3,4,4,9,3,5,4,6,5,5,4,3,4,7,3,4,6,7,3,7,6,4,7,5,4,6,5,6,7,6,4,5,7,3,3,4,7,4,5,5,8,5,9,4,3,3,6,4,5,2,6,4,5,2,4,4,3,6,5,8,3,4,4,8,4,6,6,5,5,2,4,2,2,4,4,4,4,5,7,6,2,5,9,5,4,3,5,5,6,5,6,7,6,4,2,5,3,3,6,7,6,6,5,5,4,3,6,6,3,3,2,6,6,7,4,6,5,5,7,7,3,4,4,3,3,4,3,7,4,4,5,6,5,7,6,2,3,5,6,5,7,5,4,5,8,3,4,4,8,4,6,6,5,5,2,4,2,2,4,3,6,4,7,6,5,7,8,4,3,6,3,7,6,3,5,4,6,5,4,5,3,4,8,8,6,7,3,6,6,6,4,7,7,7,7,6,5,5,8,3,3,4,7,6,3,3,8,8,5,4,4,7,3,4,6,5,4,4,5,3,5,4,9,6,4,3,3,7,5,4,5,7,6,4,3,4,4,4,5,2,5,6,5,5,3,4,5,8,6,6,2,6,4,2,3,5,4,4,4,6,5,7,5,3,5,5,4,5,4,8,3,6,7,5,4,4,5,6,7,3,9,5,5,5,3,3,8,7,6,5,6,4,2,5,9,4,3,3,4,9,4,5,6,7,4,4,4,4,6,5,6,6,6,4,6,6,5,6,9,6,9,7,3,6,5,7,5,5,6,7,9,7,6,7,5,5,3,5,4,4,4,3,2,5,7,3,7,6,6,6,4,3,3,7,6,5,5,6,6,2,7,6,8,3,6,4,5,4,8,7,6,3,7,4,5,4,5,2,7,4,5,4,5,6,9,4,7,5,8,6,5,5,3,2,5,9,7,4,5,5,4,5,5,3,4,7,2,3,5,5,6,3,3,4,6,6,4,5,6,6,3,4,7,3,4,7,5,4,5,4,7,3,3,4,5,2,3,5,3,3,3,7,7,5,5,5,5,6,2,5,3,4,7,3,8,4,5,2,5,8,7,4,5,7,3,5,4,3,5,3,4,7,7,5,6,5,5,4,4,5,2,7,2,6,3,4,3,4,4,9,8,5,6,4,4,5,7,4,5,6,4,7,4,4,8,8,5,6,7,3,3,8,4,3,7,6,4,4,5,7,4,8,3,5,6,4,3,5,5,4,5,9,3,6,2,5,6,6,7,3,5,7,6,6,4,7,7,5,7,5,7,6,5,2,4,3,2,4,6,8,2,3,4,3,7,4,5,3,5,2,8,3,3,5,6,8,2,5,5,4,5,3,4,5,7,8,5,6,4,8,7,7,7,5,5,6,4,2,5,4,7,4,5,8,6,6,4,5,6,5,2,4,3,7,3,5,7,5,5,2,5,4,5,4,4,5,8,4,6,5,5,3,3,3,5,4,4,3,2,8,3,3,5,7,6,7,5,4,5,9,6,6,7,6,4,7,5,7,6,3,6,4,4,7,4,4,4,3,6,5,3,7,3,6,3,3,6,5,5,5,5,6,6,6,5,5,3,8,8,4,6,5,7,6,5,7,3,8,4,5,4,5,2,4,3,4,8,4,7,4,6,5,9,4,5,5,5,4,4,4,2,4,3,3,4,3,5,5,4,4,5,6,6,3,3,6,8,5,5,7,6,6,4,6,4,5,6,5,5,3,6,6,6,2,5,6,5,5,3,4,7,4,3,8,7,7,4,5,5,5,3,6,5,4,2,8,3,3,3,6,5,3,5,5,2,5,7,2,3,7,7,3,7,5,6,6,5,2,3,6,4,2,7,4,6,7,3,4,7,6,8,4,6,5,5,5,6,3,4,5,4,7,4,3,4,6,3,7,7,4,7,5,5,5,3,7,6,4,5,3,6,3,5,3,4,5,2,3,6,8,6,8,4,4,5,6,5,7,6,6,4,7,4,3,9,7,4,3,4,4,3,3,4,2,5,5,4,3,3,4,5,6,4,4,6,8,5,6,8,5,7,7,5,5,4,4,3,2,6,3,3,6,6,4,3,3,6,6,8,6,6,5,6,5,6,8,7,7,7,7,5,7,4,5,4,5,2,4,5,4,6,5,4,7,5,4,6,4,4,9,5,6,5,7,5,3,4,5,6,4,3,6,7,5,5,3,2,3,5,5,7,3,4,3,7,4,4,7,7,4,4,5,6,3,6,6,6,6,6,3,6,6,3,8,3,5,5,6,4,6,3,5,3,6,5,6,5,3,2,4,4,4,3,7,4,2,3,3,4,4,4,6,5,8,7,7,3,5,2,3,3,3,5,4,2,3,7,4,5,7,5,5,7,6,5,5,3,5,5,3,7,4,6,3,7,5,4,5,4,3,2,5,5,5,3,4,7,3,7,4,6,3,4,4,3,4,2,4,3,3,6,6,7,5,5,8,8,3,7,3,6,4,3,8,7,7,4,7,5,3,5,5,4,5,6,4,5,3,-,6,7,7,5,5,4,5,4,2,6,7,4,4,3,2,4,3,5,6,3,7,3,6,7,7,4,5,2,5,4,7,6,7,4,3,4,5,4,5,5,5,3,6,4,7,5,4,2,3,4,7,7,7,6,5,2,5,4,3,4,5,3,4,2,6,3,3,7,3,4,5,4,4,4,3,4,5,4,7,3,4,4,7,5,4,4,6,2,2,4,8,6,3,5,7,6,3,4,6,6,4,5,6,7,5,4,6,4,8,6,5,2,3,8,3,6,4,7,6,6,5,6,6,4,7,4,5,5,6,6,5,6,2,3,4,5,6,6,3,2,8,4,5,6,4,7,3,5,4,3,6,3,7,7,6,4,6,5,4,3,8,4,5,3,6,4,6,5,2,6,3,6,5,6,7,3,4,6,5,3,4,6,5,5,3,4,4,5,4,6,3,5,3,3,4,3,5,2,5,5,4,3,4,4,7,7,8,6,5,6,7,3,4,4,5,4,4,5,6,4,6,4,6,5,4,5,9,5,6,7,4,2,5,7,6,3,5,3,3,3,5,6,7,4,7,5,5,8,2,4,3,10,4,5,4,6,9,4,2,3,3,3,7,3,6,4,3,4,4,5,4,2,3,8,5,4,6,5,4,2,4,2,8,4,6,6,5,6,4,7,3,4,3,3,3,5,4,2,2,3,6,5,2,3,4,7,8,9,6,6,5,2,7,6,4,4,3,5,8,6,4,6,5,5,4,5,3,-,4,5,3,3,2,5,6,3,4,5,4,2,5,6,5,6,5,2,4,2,5,10,5,7,5,6,2,3,4,4,6,7,4,5,6,5,2,5,7,4,2,5,4,3,4,4,4,3,7,5,5,3,7,7,6,4,5,3,4,3,3,3,5,7,4,4,4,4,5,5,3,6,5,6,2,2,7,3,3,5,4,6,5,4,7,4,3,4,3,7,5,3,5,5,6,6,2,5,5,7,6,7,2,3,4,4,8,2,7,3,4,4,7,4,9,8,9,3,4,5,4,6,9,6,4,5,8,6,8,6,6,3,7,7,4,3,5,5,5,4,7,4,4,4,5,3,4,4,2,5,3,4,6,8,5,5,5,3,7,2,2,6,8,5,3,4,3,7,4,8,7,4,6,5,6,7,3,5,6,5,4,6,5,5,3,5,6,9,5,5,5,7,4,7,5,5,5,6,2,6,5,5,4,6,3,3,5,7,5,5,2,5,8,6,5,2,5,6,5,6,4,4,3,6,5,3,5,5,4,6,7,4,5,5,4,5,2,5,6,5,4,5,3,7,3,4,4,6,7,3,4,6,6,7,7,7,7,4,5,5,3,6,5,4,2,6,5,8,2,5,3,4,7,5,4,4,3,6,6,7,4,6,8,4,6,6,3,5,3,6,9,7,3,3,5,3,4,3,8,7,8,3,6,6,4,3,-,4,6,5,6,6,5,5,6,4,3,4,4,4,6,9,3,3,3,5,8,5,4,4,4,2,5,6,7,5,4,8,4,3,6,5,6,4,5,4,3,2,6,3,4,2,3,3,4,5,4,5,3,6,7,4,5,2,9,5,7,6,3,7,3,6,6,6,7,7,5,5,7,5,6,6,5,2,3,7,6,6,8,4,8,3,3,5,3,3,4,5,4,2,3,6,4,5,6,3,7,3,5,5,8,3,4,7,4,4,6,5,5,5,5,5,3,5,4,6,5,4,6,7,3,3,6,3,4,5,2,3,5,3,6,6,7,6,7,4,4,4,3,6,5,7,6,5,5,5,6,6,5,6,6,7,5,4,5,7,3,3,10,4,8,4,3,2,6,4,5,5,3,7,5,8,6,6,8,7,5,6,3,5,9,5,3,6,-,6,6,5,6,5,6,8,3,8,6,7,6,5,6,7,4,7,7,7,6,6,6,5,4,3,4,5,2,8,5,4,7,5,9,4,7,5,7,6,3,2,5,5,9,3,5,3,4,5,5,9,10,3,7,4,6,5,7,7,5,6,5,7,6,2,6,5,5,6,2,4,3,3,6,5,3,2,6,5,5,4,4,6,5,6,5,7,6,4,7,7,3,4,4,3,4,4,8,6,8,7,3,4,5,4,5,3,4,4,6,5,4,2,6,3,4,5,6,5,5,6,3,8,3,4,5,2,6,6,7,4,4,7,5,3,4,4,3,5,7,3,4,3,5,4,7,4,3,6,4,5,5,4,5,6,4,6,4,3,6,7,7,7,7,5,4,3,4,3,4,5,2,6,7,4,3,3,5,4,5,5,7,4,6,6,4,3,5,4,7,4,4,3,5,3,6,3,6,4,2,5,2,5,2,6,5,2,4,5,4,3,6,5,5,7,3,3,5,8,6,7,7,5,4,4,4,5,4,3,3,2,5,3,4,5,3,4,5,3,3,5,5,4,5,4,5,4,4,6,9,4,3,7,6,5,4,6,4,5,5,6,4,3,5,6,5,5,3,3,2,5,3,8,4,4,7,3,7,2,5,5,4,5,4,6,6,2,7,4,3,4,4,3,7,4,5,7,8,4,4,7,5,5,4,3,5,5,5,7,3,5,7,6,7,3,7,4,5,5,2,2,6,5,3,4,5,3,3,6,4,5,-,4,2,8,5,7,4,4,3,3,4,4,4,4,4,2,5,6,2,5,7,3,4,6,4,7,3,4,7,5,3,5,4,5,2,7,6,4,5,2,7,4,5,7,6,6,3,7,5,6,8,3,5,4,7,3,4,2,6,7,2,5,4,7,4,3,3,3,4,4,3,6,4,4,7,5,3,3,7,6,7,5,5,6,6,5,4,7,3,2,5,4,4,7,8,7,4,4,4,5,5,5,5,6,4,3,2,5,3,4,3,4,7,3,6,5,3,4,5,3,4,3,3,2,4,6,6,3,7,4,5,5,8,5,7,5,4,7,8,5,9,6,9,6,5,2,7,6,4,3,4,4,7,7,4,7,5,5,4,5,5,4,8,5,8,2,5,8,3,3,3,5,3,4,3,8,7,8,3,6,6,5,4,3,5,4,2,5,7,4,4,5,10,5,5,7,3,4,6,5,4,2,3,3,4,4,8,4,8,7,4,6,5,4,4,9,6,7,3,7,6,5,5,6,5,3,5,3,6,3,6,3,8,4,3,4,7,3,5,6,3,4,5,5,5,6,5,4,9,2,6,3,7,7,9,2,3,5,3,4,5,4,2,5,5,4,7,5,5,3,4,4,5,4,6,-,4,3,7,4,5,3,4,4,5,4,2,3,8,4,4,7,5,3,6,5,5,7,5,4,2,7,3,2,5,5,3,5,4,3,7,4,7,5,5,5,5,4,5,6,6,6,4,3,6,5,5,6,6,5,2,7,5,4,7,7,4,4,5,4,5,10,2,3,2,3,4,3,8,3,4,4,5,4,5,5,4,2,3,6,8,8,5,7,3,4,3,6,2,5,2,4,3,2,3,3,4,3,7,3,4,4,-,5,4,4,3,7,5,6,5,7,7,6,8,5,6,8,2,6,4,7,5,7,4,5,5,4,5,4,6,7,7,3,4,4,8,8,6,3,6,5,5,5,3,5,6,7,2,4,3,4,6,5,8,3,8,5,3,5,4,7,5,3,2,6,7,7,8,6,7,2,5,6,3,4,4,4,6,4,6,5,5,4,2,3,4,2,5,5,4,10,4,3,6,3,6,3,5,3,7,4,4,3,4,3,5,7,6,4,6,6,7,5,3,2,7,7,6,5,6,4,4,6,6,6,4,2,3,3,5,5,2,5,5,7,3,7,5,5,3,6,4,5,2,5,3,4,7,-,4,4,5,4,5,4,3,4,8,4,4,2,4,3,5,2,5,3,4,6,3,8,4,3,8,5,7,6,8,8,2,3,2,6,5,7,3,6,4,4,5,7,3,5,4,4,7,4,3,3,5,4,4,4,5,6,8,6,5,9,5,7,4,3,7,4,5,4,5,4,8,6,5,4,5,5,4,5,7,6,5,3,5,5,7,4,3,7,5,5,5,4,2,5,7,7,4,3,6,5,6,4,4,3,4,8,5,6,4,3,4,3,5,2,5,2,7,4,4,4,3,7,4,4,5,5,5,7,4,8,7,7,3,4,4,4,9,8,9,7,5,6,3,4,3,6,8,5,4,6,6,5,7,6,3,6,4,3,5,7,4,4,4,4,6,4,4,8,4,4,4,7,5,7,4,4,4,3,5,7,4,4,3,3,5,8,5,3,3,3,7,5,5,6,3,4,4,4,6,6,4,5,4,3,2,4,3,7,5,6,5,3,4,4,4,5,6,4,4,8,7,7,6,3,5,3,7,4,7,4,4,4,7,5,6,4,5,5,4,2,5,6,3,-,6,4,3,2,5,5,2,5,3,3,2,4,5,5,4,10,4,5,3,4,2,5,3,9,6,3,3,4,5,5,7,2,4,5,3,5,3,2,5,8,3,7,6,6,2,9,6,3,4,7,4,5,4,5,4,7,3,4,5,3,5,7,5,5,5,6,5,3,4,3,4,5,2,5,7,4,8,3,6,6,5,4,4,6,4,4,5,6,6,5,8,5,2,3,8,3,3,3,7,3,4,4,5,4,8,6,5,5,4,4,5,5,8,6,5,3,6,7,5,2,6,4,3,7,7,3,5,4,2,5,5,3,5,8,4,5,7,4,2,4,6,6,4,2,5,3,5,5,6,4,5,7,2,3,4,5,3,6,7,3,3,4,3,3,5,4,4,5,5,5,4,3,5,6,7,3,4,4,3,7,4,8,6,4,7,5,9,8,3,3,2,4,5,5,5,7,6,4,2,7,3,3,5,4,4,4,7,3,6,5,5,5,2,3,5,3,8,8,3,6,5,2,4,3,5,6,5,6,2,6,4,8,6,3,6,3,4,3,4,6,6,5,5,5,7,5,5,8,3,7,5,4,8,4,4,8,7,6,4,5,6,4,3,5,5,2,5,8,4,4,3,7,4,5,8,5,5,9,6,7,7,5,4,7,3,3,4,7,3,6,7,4,7,5,8,3,8,6,5,7,4,9,5,5,4,7,3,8,4,5,7,7,4,4,4,6,6,4,7,5,2,6,5,4,6,3,5,2,7,4,3,5,4,6,4,5,8,6,6,6,3,6,3,4,6,3,5,3,4,6,5,6,5,4,2,5,5,5,2,4,6,3,5,2,5,3,4,3,5,3,7,4,3,6,5,4,7,3,7,5,4,4,5,4,5,6,4,5,3,6,7,4,3,5,7,3,4,6,3,4,5,6,7,6,5,5,6,2,3,5,7,4,3,5,4,2,6,5,7,2,3,7,6,5,4,4,4,4,5,6,2,5,4,5,5,7,3,4,3,5,3,6,4,8,4,3,5,6,8,8,7,4,9,5,5,8,8,5,3,5,6,4,6,6,6,5,5,5,5,3,2,4,5,7,6,5,3,5,4,6,7,4,5,2,4,3,5,3,3,5,5,2,7,5,4,5,5,8,5,3,3,6,4,4,3,7,4,7,4,4,5,5,3,7,5,5,7,7,3,4,5,7,4,4,4,3,5,6,5,5,5,5,4,6,4,3,6,7,7,7,4,5,3,4,3,6,7,5,4,4,4,5,4,4,8,5,7,3,4,3,4,6,4,4,6,6,4,5,4,7,5,6,4,5,7,5,4,3,5,3,6,4,6,7,3,4,5,7,7,5,4,4,6,6,5,5,6,6,6,4,5,5,4,4,8,6,3,5,7,3,5,3,4,6,3,4,4,6,5,7,3,4,4,2,3,6,5,4,6,6,5,5,7,3,4,6,4,4,3,3,5,6,2,3,4,4,7,5,9,4,9,4,6,5,8,3,3,4,4,2,5,6,5,2,2,3,5,8,8,3,3,6,3,5,4,3,6,5,7,4,5,3,2,3,2,6,2,7,3,4,4,7,3,4,7,4,4,7,4,7,7,4,5,5,5,6,4,6,7,3,7,6,5,4,3,8,5,6,6,7,4,4,6,3,9,5,7,7,4,3,2,5,3,4,3,10,4,3,7,2,4,4,3,3,3,7,3,4,6,6,7,3,5,6,6,8,6,3,4,6,3,4,3,5,7,3,4,5,7,4,5,4,8,4,2,2,3,4,6,7,6,5,2,5,6,4,3,5,3,3,8,5,3,6,4,4,5,3,7,3,4,6,5,6,5,4,2,5,5,5,2,4,6,3,7,6,4,4,4,6,3,6,4,3,3,3,3,4,3,5,2,5,5,5,3,6,6,4,3,7,4,6,7,4,6,6,8,5,3,6,7,7,5,3,6,4,9,3,8,5,9,4,4,6,6,6,3,3,4,7,4,7,5,6,5,5,5,5,7,5,4,8,3,3,5,4,5,2,3,6,7,3,4,4,3,5,6,3,4,6,3,3,7,7,3,5,4,5,6,5,5,8,5,5,4,4,9,5,6,6,4,6,5,3,5,6,7,4,7,6,5,7,4,4,3,6,3,3,5,3,2,4,6,7,5,3,8,6,4,4,6,6,8,5,4,6,4,4,4,6,5,5,4,7,4,7,8,10,4,6,5,4,5,7,3,3,6,5,4,4,5,3,4,7,4,4,7,5,5,6,6,8,6,5,3,6,3,3,9,6,4,3,7,5,4,9,6,2,6,4,7,4,7,6,5,8,2,3,3,4,3,2,6,7,3,4,4,7,8,6,4,6,2,6,9,4,3,5,2,7,3,4,3,7,4,5,7,6,3,4,4,3,4,4,5,5,4,7,4,4,2,5,4,2,4,3,5,4,5,5,7,3,6,3,6,5,4,7,5,4,2,7,4,5,6,6,6,5,6,5,7,6,6,2,3,4,3,7,7,5,7,4,4,2,3,2,4,3,4,4,4,5,4,2,6,3,5,4,4,6,4,7,8,5,6,4,2,6,4,3,3,7,8,5,5,6,7,6,9,4,3,6,4,8,6,5,7,5,4,4,6,5,3,6,4,9,4,7,6,5,6,4,2,5,7,6,3,3,9,3,7,6,5,8,5,9,6,4,3,3,9,7,3,3,7,3,5,2,4,4,5,6,6,6,4,7,3,5,5,2,2,6,5,3,4,3,3,4,4,4,4,5,5,4,3,7,4,3,8,4,5,5,4,5,4,5,9,5,4,6,3,3,7,5,6,6,7,4,3,6,2,6,6,6,7,5,4,4,4,7,7,4,3,5,2,5,5,4,2,4,4,3,5,5,4,4,4,5,10,6,6,2,8,5,4,6,6,5,4,7,5,4,2,7,7,4,4,6,4,3,2,3,4,7,6,5,4,6,4,3,5,4,3,2,5,3,3,3,4,4,5,4,5,4,4,3,8,4,6,7,5,6,4,5,2,3,6,4,2,6,6,7,4,3,5,5,5,3,2,2,6,7,4,6,6,5,4,5,7,10,5,4,5,2,3,5,3,7,4,3,7,4,6,6,6,3,4,5,6,5,3,7,6,4,2,4,3,3,7,6,7,7,4,4,5,7,4,6,6,3,2,3,5,3,4,6,5,3,6,7,3,4,4,5,7,8,5,5,7,6,2,8,6,6,5,8,6,4,4,7,4,6,5,5,4,6,5,7,3,4,4,5,4,7,4,5,4,6,5,2,6,3,7,4,4,4,9,8,6,8,3,8,4,2,4,6,3,5,10,6,4,3,4,6,4,5,6,7,3,4,5,4,6,3,5,3,6,4,5,5,2,2,4,3,5,5,2,4,7,6,-,5,3,4,4,4,2,6,5,3,4,4,6,8,3,4,6,3,4,4,7,4,8,6,5,3,8,5,7,6,4,4,4,5,6,6,5,3,3,5,8,3,9,6,4,5,5,3,3,4,6,2,5,3,5,3,4,5,3,6,7,7,5,4,4,4,4,3,6,9,6,4,5,7,6,7,6,5,6,6,10,9,6,6,7,5,6,6,7,5,6,5,7,6,7,6,5,6,3,5,4,4,6,5,3,4,4,4,6,3,3,2,7,6,5,5,3,7,-,8,9,6,2,8,5,5,3,4,5,4,6,7,5,5,3,3,5,5,2,5,5,8,3,7,8,7,7,4,5,4,6,5,7,8,7,5,6,6,10,6,6,5,5,6,5,7,5,3,7,6,8,6,4,5,3,6,4,5,2,8,6,4,4,7,8,6,5,5,4,7,5,7,6,4,3,5,2,5,9,4,6,5,4,8,3,4,4,6,4,6,5,5,4,2,7,3,3,4,9,4,4,3,5,5,4,5,8,8,6,5,5,3,4,3,7,7,3,4,6,3,6,7,6,3,4,7,4,8,4,2,6,4,6,5,7,5,3,3,4,5,4,2,4,3,3,4,5,5,5,3,5,6,5,4,5,4,6,5,5,5,6,6,5,8,6,7,3,5,6,6,6,6,7,4,5,7,3,3,8,5,3,4,3,3,2,7,6,5,4,3,7,7,8,6,8,3,5,5,3,3,4,6,7,5,5,5,3,5,-,5,6,5,2,7,8,6,7,4,5,7,7,7,6,7,7,6,3,5,4,5,4,2,3,6,5,6,7,4,5,9,3,5,7,7,5,5,4,4,7,3,4,4,5,9,6,5,6,4,7,7,4,6,5,7,8,4,8,4,4,3,7,10,2,8,3,3,7,10,7,5,3,2,5,3,4,7,3,4,4,7,5,4,6,4,5,5,5,6,7,6,5,9,6,7,7,9,9,5,9,6,5,3,4,5,7,8,4,4,6,2,7,4,5,8,3,7,3,5,5,5,3,2,7,6,4,4,3,6,5,4,4,5,7,6,8,3,10,5,7,4,5,6,5,4,6,4,9,4,3,7,4,4,5,5,3,2,4,5,6,6,8,5,5,9,5,3,2,2,5,5,4,6,4,2,2,3,4,4,2,3,4,4,3,6,4,5,8,6,5,3,4,4,3,6,8,6,5,5,3,5,7,2,4,4,4,3,7,4,4,3,5,9,7,5,3,2,6,5,5,7,6,3,4,5,3,4,8,7,8,4,5,4,8,8,5,5,2,4,10,3,5,6,5,7,4,5,6,5,4,3,6,4,5,7,7,5,5,5,4,3,8,5,3,10,4,5,7,4,3,6,5,4,5,6,5,4,6,7,4,2,7,5,3,5,5,5,2,3,4,3,4,5,3,6,4,5,3,5,6,7,4,6,3,3,6,5,4,5,3,7,7,4,7,3,2,4,5,6,8,7,3,2,3,3,3,4,3,6,4,6,7,6,3,4,4,4,4,6,5,4,8,7,3,4,3,5,5,5,5,5,3,2,4,3,4,5,6,3,6,4,2,4,5,2,6,3,10,3,5,7,4,6,4,4,2,2,3,5,7,3,4,4,4,3,5,4,5,7,6,4,3,9,6,5,3,5,3,3,5,6,4,3,7,6,4,4,3,4,8,5,6,5,7,3,4,5,7,6,3,7,3,5,4,8,5,8,5,5,4,4,5,6,3,5,4,7,5,7,7,5,4,5,6,3,6,3,6,3,3,2,6,7,4,2,5,2,4,5,4,6,7,5,5,5,4,8,4,5,8,2,3,4,7,7,4,7,4,5,4,5,5,6,4,5,6,6,7,3,4,4,6,5,6,3,7,3,4,4,3,4,5,7,8,5,4,6,4,3,4,7,6,8,4,6,3,5,5,7,7,4,4,4,6,3,6,5,6,5,7,4,5,2,6,5,3,4,4,4,5,5,6,6,5,4,4,8,5,3,7,3,4,6,3,2,3,3,4,3,4,6,4,2,5,6,3,3,6,4,8,5,5,4,3,5,7,5,7,5,5,7,4,9,3,7,7,5,5,4,6,8,5,4,4,6,4,3,3,7,4,5,4,5,9,7,5,5,6,6,4,3,7,7,7,5,2,5,7,7,7,4,5,4,7,5,4,6,3,7,4,5,7,6,4,6,7,2,3,4,4,2,3,3,4,3,6,2,8,4,3,5,5,5,9,6,4,7,7,7,5,4,3,9,5,3,3,8,4,2,6,5,3,7,3,5,5,5,4,3,6,3,4,2,4,6,7,3,2,6,7,8,4,4,5,5,3,7,3,4,8,7,4,4,8,7,7,6,3,4,8,4,7,6,5,5,8,3,2,5,5,3,5,3,6,4,7,4,7,7,6,5,5,6,8,4,8,3,5,7,3,7,3,6,7,5,5,3,5,2,5,6,6,6,4,3,4,3,7,7,4,6,5,4,5,3,7,8,5,5,3,3,4,2,4,3,4,4,6,3,5,6,5,2,4,5,6,7,3,3,5,8,5,3,5,4,4,2,6,7,5,6,3,3,4,4,4,4,3,5,5,5,4,6,5,3,6,5,3,5,3,8,4,5,7,4,6,2,3,3,6,5,5,5,8,6,3,7,4,4,7,4,4,5,5,5,6,6,6,7,4,5,3,4,3,2,6,7,7,3,6,7,3,4,5,9,6,6,6,7,6,5,5,6,5,5,7,6,7,3,5,8,7,4,9,4,5,7,7,7,6,6,7,4,4,6,6,4,4,6,5,5,4,2,5,4,6,7,4,8,4,5,6,6,7,5,8,4,6,5,4,3,4,4,4,6,6,5,3,5,9,6,5,8,7,8,7,5,7,3,4,4,4,5,6,4,5,6,5,4,8,7,7,9,5,5,4,5,4,3,4,8,5,4,6,4,3,5,6,5,5,4,3,5,7,5,7,2,5,7,3,4,4,4,8,6,6,5,3,4,3,4,7,6,5,4,5,10,5,4,2,3,9,4,4,3,5,3,6,5,2,2,3,5,4,5,5,2,5,5,5,5,4,4,6,4,4,4,3,5,6,5,5,7,6,5,4,5,4,8,3,6,3,3,4,7,7,6,4,6,2,5,8,3,3,5,5,2,7,6,5,6,7,3,4,6,6,7,9,4,3,5,6,6,5,5,6,8,3,6,3,6,6,3,6,7,4,9,6,4,5,7,6,4,5,8,5,5,4,4,7,4,5,2,5,7,4,7,4,2,5,4,3,8,4,2,4,2,3,5,2,4,2,3,4,7,6,3,5,2,4,3,7,4,4,6,5,8,8,4,2,6,5,2,6,5,6,5,3,3,4,6,3,5,4,4,4,5,3,4,3,4,3,2,6,3,4,3,4,4,3,8,5,4,7,7,8,5,3,5,6,6,3,6,2,7,7,6,4,4,7,6,5,3,2,7,6,3,7,6,8,4,5,4,7,4,2,5,3,5,4,8,4,5,5,8,7,4,2,5,5,7,3,3,4,3,4,2,6,4,4,3,4,5,3,5,2,5,3,5,7,4,10,4,5,3,5,5,2,7,7,4,3,7,-,4,7,6,9,5,5,4,4,3,8,6,6,5,6,8,4,4,5,4,5,2,3,4,3,7,7,7,4,5,8,7,4,3,3,4,3,4,5,10,6,5,4,2,3,6,3,4,3,5,6,6,5,7,2,4,3,7,5,5,4,7,5,4,6,5,3,3,6,4,8,4,10,5,5,4,4,3,4,4,8,7,7,3,9,7,3,5,4,2,4,3,7,3,4,4,5,9,3,3,4,6,7,6,5,6,3,7,7,3,7,6,3,3,4,3,7,7,6,5,7,6,7,2,4,2,5,7,3,3,4,3,4,6,8,5,6,5,3,4,5,7,4,4,4,7,4,4,5,4,2,4,5,6,10,4,5,3,7,4,7,6,3,5,4,6,9,5,6,9,7,4,6,5,6,4,5,4,6,5,6,3,4,4,7,8,5,6,4,4,4,6,8,3,4,6,2,6,6,8,6,5,5,4,5,2,4,6,6,4,6,5,3,7,4,7,5,5,5,5,7,7,4,3,2,5,5,3,4,8,5,3,2,6,4,5,4,4,3,3,3,7,5,5,5,7,4,4,2,2,6,3,4,7,4,4,6,5,5,6,5,3,2,5,7,7,5,3,6,5,5,2,6,5,6,3,5,6,6,3,5,5,3,5,2,5,4,7,4,3,7,5,3,4,3,4,4,5,6,5,4,6,3,6,7,4,4,4,6,7,7,4,3,7,5,4,4,8,6,5,4,5,6,5,6,3,4,5,4,4,5,10,7,6,5,6,5,4,2,4,6,4,6,6,5,3,4,6,6,7,7,8,8,4,5,5,3,6,2,6,3,6,3,8,3,7,7,3,4,4,5,4,4,5,2,6,7,7,3,4,4,4,9,7,6,3,6,5,5,2,6,4,5,2,5,5,2,3,4,5,8,5,6,4,5,4,5,2,6,6,3,6,5,4,5,2,5,7,4,4,6,3,3,4,7,7,6,5,5,6,4,5,2,3,3,7,4,4,4,4,4,3,6,6,3,4,4,3,7,5,7,4,5,3,6,4,5,6,2,5,5,8,9,6,3,3,3,4,5,2,7,5,8,4,3,8,4,5,3,2,5,6,5,7,6,6,4,7,8,3,3,4,2,4,8,3,4,3,5,6,5,8,7,6,4,5,6,6,4,4,7,7,6,5,4,4,5,4,6,7,5,7,5,2,5,3,6,7,7,4,3,5,5,6,2,3,6,5,3,2,6,4,3,8,4,4,2,6,6,4,7,3,2,7,7,4,4,5,4,8,4,3,2,4,6,6,4,5,3,3,6,5,6,4,4,5,6,5,3,4,5,3,7,4,3,7,4,5,6,8,6,8,3,3,4,5,6,3,6,4,4,6,3,3,6,7,7,6,4,5,6,4,3,4,6,3,5,4,5,6,4,7,6,4,6,6,5,4,5,4,6,4,9,4,4,4,5,5,3,4,3,4,4,5,6,3,5,7,3,4,4,4,7,8,3,6,4,2,7,4,4,4,2,3,4,7,6,3,3,2,4,6,3,3,5,3,4,4,4,7,5,5,6,4,5,3,6,6,4,7,4,3,8,5,4,8,4,3,4,7,3,3,5,6,4,6,6,7,4,7,6,5,8,5,4,6,4,5,7,3,4,4,5,5,6,2,4,4,5,8,5,6,4,2,6,7,7,4,3,4,5,4,5,6,5,4,5,4,5,6,2,4,7,4,7,6,5,5,7,8,5,4,3,6,3,7,2,3,5,7,3,8,5,3,3,8,5,2,8,3,3,7,3,4,6,5,2,3,7,3,4,4,4,7,6,4,2,4,2,3,3,3,5,5,6,4,8,6,4,6,10,5,5,5,2,4,4,3,4,7,4,8,7,7,6,5,5,3,9,7,5,3,3,5,4,6,4,5,2,4,2,4,4,3,5,4,7,4,6,7,4,7,4,4,4,7,7,6,6,5,4,3,4,4,4,3,5,4,6,4,5,6,6,5,2,6,7,3,3,7,7,4,5,7,4,5,8,3,5,5,6,7,4,5,7,4,3,4,4,4,5,4,5,4,6,2,5,6,5,7,7,4,6,7,5,4,3,7,4,4,8,5,6,4,5,6,5,6,4,4,7,7,5,3,3,5,4,3,8,7,4,3,4,7,6,4,4,6,5,5,4,4,5,4,5,6,3,4,6,5,4,5,5,4,5,9,5,2,9,6,4,5,5,3,6,4,7,5,5,7,7,5,7,7,4,3,6,3,5,2,3,4,3,3,5,5,5,5,4,3,6,10,6,4,4,3,5,5,6,5,6,7,6,4,2,5,3,3,6,7,6,6,5,5,4,3,6,6,3,3,2,6,6,7,3,4,4,6,4,5,5,6,6,5,4,4,8,4,3,5,4,3,6,7,3,5,4,4,7,3,4,4,8,7,6,4,5,5,5,2,5,5,7,5,7,5,5,3,6,2,3,6,5,3,4,4,7,4,3,7,6,2,5,4,5,5,7,6,3,6,7,5,3,2,5,3,7,5,4,5,6,5,6,6,8,4,3,7,5,5,6,6,3,3,6,5,7,2,2,7,3,6,7,7,3,4,4,7,6,4,5,7,5,7,7,3,5,4,3,5,4,5,6,4,2,5,7,6,3,4,8,4,7,7,5,5,2,5,4,2,7,2,4,5,4,4,5,4,2,5,6,4,4,5,8,3,6,5,4,4,2,4,3,6,5,5,7,6,8,4,5,6,5,6,6,3,7,7,2,7,8,5,3,2,6,4,7,5,6,2,4,5,7,4,3,5,7,5,4,5,2,4,3,2,6,7,4,5,6,2,3,5,3,6,7,6,4,4,4,4,4,4,4,10,2,5,4,5,4,7,4,3,4,5,8,5,6,5,5,8,3,4,9,5,7,6,9,5,5,2,4,4,6,7,4,7,5,6,5,6,5,6,5,7,3,4,6,4,3,7,3,5,3,2,3,3,5,8,7,4,4,6,4,5,4,9,2,5,6,3,3,7,5,4,4,2,3,7,4,5,4,4,3,5,4,9,3,5,3,5,3,7,7,6,6,2,5,3,3,8,6,7,4,5,2,7,6,4,2,3,5,4,3,5,4,3,6,4,5,5,6,4,2,3,7,5,2,3,3,8,3,5,6,8,6,8,7,5,4,5,3,6,7,5,4,5,7,3,7,4,3,7,4,5,7,4,5,6,5,3,4,5,5,4,3,4,4,8,3,3,7,4,5,9,6,6,3,4,5,6,6,7,7,5,5,3,5,6,4,4,4,4,2,2,6,4,4,3,7,4,4,5,4,4,5,6,5,6,2,3,3,4,7,4,6,6,6,3,5,2,4,4,4,7,6,4,-,8,3,5,4,2,2,6,4,3,5,4,3,6,4,5,5,6,4,2,3,7,5,2,3,3,8,3,5,6,5,7,7,3,4,7,2,5,7,5,4,4,4,5,4,4,6,3,4,7,6,5,6,6,2,5,3,3,6,5,2,6,6,2,4,2,5,8,2,9,5,4,3,8,5,6,4,7,5,5,4,3,6,4,6,5,9,5,4,2,5,5,3,7,5,7,4,3,4,2,5,6,7,7,3,4,4,7,6,4,6,6,3,5,6,4,3,5,4,5,6,7,4,3,3,7,5,6,3,8,7,5,2,2,5,7,4,3,5,5,4,5,6,3,4,5,5,7,6,4,2,4,3,4,5,3,2,3,8,4,4,4,2,6,6,7,3,4,3,4,4,3,4,10,4,6,5,4,5,8,6,6,8,5,3,3,3,3,3,7,2,5,5,4,5,8,6,8,7,4,7,3,4,4,4,8,6,5,4,6,4,6,5,5,6,6,7,7,4,4,6,2,3,8,4,3,4,5,2,5,3,5,6,4,2,5,5,7,7,4,6,5,4,4,3,5,3,4,7,6,4,6,6,3,5,6,4,3,5,4,5,6,7,4,3,3,7,5,6,4,3,7,4,7,4,6,6,7,6,7,7,3,6,3,7,6,4,7,9,6,7,6,3,3,6,4,7,6,5,5,8,7,3,4,2,4,3,7,5,4,5,5,5,2,7,2,6,5,2,7,5,6,5,4,3,5,3,7,7,4,4,7,3,6,8,5,5,2,3,5,3,4,4,4,3,3,7,4,7,5,5,2,3,8,3,3,3,5,3,6,6,7,6,7,5,3,7,4,4,7,4,7,7,4,6,5,4,4,9,5,4,7,7,3,6,5,5,5,2,5,7,4,5,7,3,6,-,4,5,5,6,6,5,7,6,4,4,5,5,4,5,6,2,8,4,3,4,7,5,5,4,5,4,5,3,2,7,7,5,3,4,4,3,4,5,6,7,7,4,5,5,5,2,6,7,7,4,5,5,2,6,4,5,5,4,2,6,5,6,4,4,7,7,3,2,4,5,5,8,6,4,6,6,4,3,7,5,3,5,5,6,6,2,5,5,7,6,7,2,3,4,4,8,2,7,5,2,5,3,4,3,6,6,7,3,4,4,4,5,7,6,5,3,7,5,5,5,7,4,2,2,5,4,6,7,6,7,3,3,4,4,4,4,4,5,5,9,7,4,2,5,6,6,6,3,4,4,3,2,5,7,3,4,4,4,5,5,4,4,7,7,4,5,5,4,4,10,4,5,3,6,3,4,5,4,3,4,5,9,4,5,4,6,5,3,8,6,4,6,4,4,6,7,5,7,4,3,7,4,5,4,4,3,8,3,5,6,4,3,2,2,6,6,3,3,4,6,4,2,6,4,5,5,8,8,4,3,7,4,7,7,5,4,8,5,6,5,4,7,5,4,7,5,5,2,3,6,6,4,7,4,9,5,5,5,3,6,2,5,2,3,3,4,5,3,4,2,7,8,5,7,3,6,6,4,8,4,6,6,7,8,5,4,6,4,3,2,5,6,7,7,5,3,6,5,5,6,5,4,3,5,3,4,3,7,6,4,4,5,4,5,3,4,5,4,10,6,6,8,3,3,3,3,4,3,7,3,4,4,7,4,6,4,4,6,5,6,4,5,7,7,3,2,6,7,8,7,5,5,6,4,2,4,3,6,7,4,6,7,6,5,6,4,5,2,6,4,7,7,5,5,2,3,4,3,5,4,3,5,4,6,2,3,6,7,4,-,4,3,7,4,5,3,4,4,5,4,2,3,5,5,4,6,2,7,3,4,4,4,7,4,6,7,4,5,4,5,2,6,5,6,7,3,6,7,3,5,4,8,4,6,5,3,4,4,5,3,5,5,4,3,4,3,3,2,6,4,7,3,6,4,5,3,6,4,5,7,5,4,5,4,6,2,6,2,3,5,3,4,7,5,9,5,5,5,7,3,4,7,2,6,5,7,5,4,4,5,4,6,3,4,7,7,6,5,6,6,2,5,3,3,3,6,3,5,5,2,6,6,7,6,4,4,5,7,7,3,4,7,4,5,2,6,4,6,4,4,3,3,4,7,5,7,2,3,8,4,4,5,5,3,2,6,3,4,4,5,3,3,4,6,5,7,4,4,5,3,8,4,4,7,6,7,4,5,4,3,4,7,3,2,4,4,6,3,5,4,4,7,3,3,6,7,4,2,3,5,5,3,3,5,3,3,2,6,6,7,7,8,4,3,7,4,4,5,5,7,3,5,4,5,4,7,4,8,5,4,3,7,7,9,7,6,5,5,7,5,6,4,6,3,3,5,2,3,6,3,2,6,6,5,3,8,4,3,7,4,4,6,5,5,6,5,4,9,2,5,2,7,6,7,4,4,7,2,6,3,4,5,3,4,6,5,4,7,8,7,3,4,6,6,5,6,5,5,5,3,5,5,3,7,2,5,8,5,4,6,2,3,3,5,2,6,5,4,5,4,3,4,5,6,6,3,6,5,5,5,6,4,6,7,4,3,6,4,7,6,5,3,4,4,2,7,3,4,5,4,4,5,4,2,6,4,6,9,3,4,4,7,7,5,5,7,3,5,5,5,7,3,2,5,6,4,9,3,7,7,5,5,4,6,8,5,10,4,3,5,5,4,5,6,6,2,6,7,5,4,6,4,3,4,5,5,5,4,5,3,4,7,4,3,5,2,3,3,8,6,3,5,6,7,7,4,2,3,5,5,3,3,7,3,4,4,4,5,3,4,4,5,4,5,4,3,2,4,4,4,3,5,5,5,2,4,7,6,3,4,3,7,3,6,10,5,4,5,6,2,6,3,4,3,4,4,5,9,4,6,5,5,2,7,5,7,4,3,6,4,4,7,4,5,5,7,3,5,3,3,5,2,7,7,3,3,5,7,7,7,4,5,4,8,7,5,3,6,5,4,6,5,4,5,3,3,4,4,2,3,3,3,4,5,5,5,6,7,7,4,7,4,5,5,8,5,5,6,6,4,7,6,5,5,7,7,3,3,3,4,3,2,3,6,5,3,7,6,2,3,4,7,6,5,6,5,5,6,6,5,2,6,7,8,3,7,7,6,4,4,5,5,7,5,5,6,7,7,5,5,6,4,5,4,5,2,7,7,7,4,7,5,7,8,3,6,9,7,4,5,5,4,3,8,7,3,3,6,5,3,7,4,5,5,6,7,7,6,4,4,3,6,6,6,3,2,3,4,3,4,4,7,7,3,5,5,5,6,3,5,6,5,4,8,5,8,5,4,5,6,7,7,6,5,5,3,3,5,5,6,4,3,2,5,3,3,6,3,5,7,6,4,4,5,4,4,4,4,4,3,6,5,4,6,3,3,9,9,6,6,6,6,4,4,7,4,5,7,6,7,3,3,3,5,4,3,2,6,3,6,5,3,3,4,7,5,6,6,5,4,6,8,7,4,4,5,4,6,6,6,8,7,6,5,5,7,4,5,4,6,6,5,4,4,2,3,4,6,4,4,4,7,7,5,8,4,6,2,5,4,6,4,6,4,2,4,5,2,6,5,4,3,5,3,4,4,4,2,4,4,2,3,7,3,4,4,7,3,8,2,6,3,7,3,6,7,7,4,4,4,6,5,4,5,6,5,5,6,6,6,6,7,4,5,5,2,3,10,5,5,4,2,7,6,4,4,4,4,5,7,3,4,4,7,7,4,5,5,6,5,3,4,4,7,7,5,4,7,4,6,4,6,6,4,3,4,5,4,2,3,5,7,2,4,4,7,3,2,3,6,7,5,4,3,3,4,4,3,5,6,5,7,2,4,7,4,8,7,3,5,5,6,6,5,6,4,3,4,4,2,3,5,3,3,5,3,9,3,7,3,4,5,4,3,5,4,4,7,5,4,6,4,5,3,3,3,4,6,7,6,5,6,3,4,7,3,4,4,5,5,4,5,9,3,5,4,2,9,6,3,3,4,6,4,7,7,4,7,9,6,2,3,3,8,3,3,3,5,7,6,6,5,8,7,3,4,6,3,4,7,7,4,7,4,2,5,7,5,6,5,3,6,3,5,4,4,3,4,4,6,4,6,5,5,4,2,6,8,6,5,3,7,2,3,6,3,5,6,3,2,6,3,4,4,7,7,8,3,2,3,3,7,7,5,3,6,7,5,4,6,4,9,7,2,7,3,4,4,4,4,3,4,6,5,5,7,4,3,3,7,7,7,5,3,7,6,3,3,5,7,3,7,3,2,4,5,5,6,6,5,4,3,4,10,6,5,6,7,4,4,6,4,5,7,5,5,4,3,6,4,5,5,3,5,4,3,5,4,4,3,7,5,7,2,6,7,5,3,3,5,4,4,5,4,3,7,4,5,3,5,4,6,3,2,2,5,3,8,7,3,4,7,3,4,6,5,5,6,4,3,7,3,9,4,6,5,6,2,4,8,7,3,5,3,2,5,6,6,7,8,3,3,5,6,5,3,5,6,4,2,5,2,5,3,6,3,6,5,4,3,4,5,7,5,6,5,5,5,4,6,6,3,4,7,5,9,8,3,6,4,7,4,2,7,3,4,6,8,4,4,4,4,4,9,4,2,5,3,5,6,5,6,5,3,6,6,4,4,7,5,3,3,5,4,6,5,7,4,2,4,3,7,5,7,6,4,4,6,8,3,4,4,5,3,6,6,5,7,2,6,5,7,3,6,4,6,7,6,6,5,4,4,5,7,6,3,4,2,4,7,3,6,7,4,3,8,5,6,6,7,3,6,9,4,3,5,6,5,4,6,6,6,5,6,4,5,3,5,3,4,4,7,8,5,6,9,6,3,8,4,3,7,4,8,6,5,5,6,4,5,6,4,6,3,4,5,2,3,6,10,5,3,2,5,4,2,5,7,3,4,4,5,5,4,3,5,4,6,4,5,3,6,2,7,7,4,5,3,2,6,5,5,2,5,7,6,6,6,6,4,4,3,7,7,5,4,3,4,3,4,4,4,7,4,4,5,5,2,5,2,6,3,2,4,7,7,8,5,3,6,3,6,5,4,5,5,3,5,5,4,5,4,4,7,4,5,5,7,3,5,3,4,3,7,3,4,6,6,7,4,5,5,6,7,3,3,5,8,6,7,7,4,4,6,7,5,3,7,7,4,4,6,6,5,5,5,8,5,3,4,3,4,4,5,8,5,5,7,7,3,4,4,4,8,6,4,7,5,3,10,3,5,7,4,6,4,4,2,2,3,2,4,3,4,4,7,3,5,5,5,5,5,7,6,6,2,8,2,3,6,5,4,7,5,4,6,5,7,2,3,4,7,6,5,5,3,2,5,5,6,4,6,5,2,6,5,2,5,5,4,5,5,5,6,8,6,6,4,6,3,3,3,7,3,4,6,5,3,5,5,7,3,6,5,3,6,4,2,5,4,7,4,4,7,7,3,4,5,4,2,5,4,4,5,2,5,3,4,3,7,4,8,4,6,7,6,5,4,5,6,3,5,8,4,4,4,5,9,5,4,5,6,3,6,6,5,4,2,6,6,5,6,6,7,5,3,6,4,7,7,5,8,2,7,3,5,9,8,2,3,5,7,4,3,7,3,5,7,9,5,4,3,4,2,3,6,3,6,8,4,3,4,4,7,4,3,5,4,7,5,3,9,6,6,6,6,4,3,7,5,7,4,5,3,6,4,5,6,2,5,5,8,9,6,3,3,3,4,5,2,7,6,5,5,3,4,5,4,4,3,4,3,7,5,7,5,3,3,4,4,7,5,8,3,6,4,4,6,3,6,3,9,7,7,3,4,4,7,8,5,2,7,4,4,3,2,3,3,5,4,7,3,4,4,4,8,2,4,3,7,6,4,4,3,6,5,5,3,7,2,2,3,7,4,8,4,7,4,3,6,4,4,5,2,7,2,5,3,9,7,6,3,3,2,4,4,3,7,2,4,5,7,7,7,3,5,4,4,7,3,8,5,5,6,7,6,6,4,5,4,6,9,5,5,8,6,4,2,5,3,4,7,7,6,5,6,6,4,6,2,5,2,4,3,9,3,5,5,4,2,5,3,5,6,5,6,7,8,4,4,5,4,5,4,7,9,4,5,6,6,7,6,5,5,3,4,6,7,3,2,5,5,4,10,4,3,4,3,7,6,4,4,7,8,6,8,6,6,7,6,3,5,4,4,6,5,6,4,3,5,3,3,7,5,4,7,5,5,9,4,4,5,6,5,5,4,2,3,8,6,6,7,4,8,3,6,6,5,4,4,6,4,4,5,6,6,5,8,5,2,3,8,3,3,5,4,6,4,9,3,3,7,5,4,7,9,6,5,5,5,5,5,6,4,2,4,2,5,3,5,3,6,4,5,6,2,6,4,7,4,4,7,4,6,3,4,2,7,5,5,4,3,4,6,4,4,6
